year,recipient_age,household_member,minutes_per_recipient_day,recipient_days,n_records,comparable
2011,23,0,0.000000,6965971.4,1,true
2011,26,0,0.000000,2090687.7,1,true
2011,28,0,0.000000,10361436.4,1,true
2011,29,0,0.000000,11543045.1,1,true
2011,30,0,98.765930,2210858.3,1,true
2011,31,0,0.000000,11543045.1,1,true
2011,35,0,0.000000,16604450.3,2,true
2011,35,1,127.063416,11741546.1,1,true
2011,36,0,0.000000,20473273.9,1,true
2011,38,0,0.000000,2275327.0,1,true
2011,39,1,303.128002,23671259.4,2,true
2011,40,0,19.736195,10959809.1,3,true
2011,41,0,0.000000,7023141.6,1,true
2011,42,0,0.000000,32371138.4,3,true
2011,42,1,9.353794,20868309.4,3,true
2011,43,0,71.512814,8567686.5,3,true
2011,43,1,0.000000,5377326.9,1,true
2011,44,0,0.000000,2503259.9,1,true
2011,44,1,36.140409,14336072.1,2,true
2011,45,0,0.000000,17174182.3,2,true
2011,46,0,0.000000,20136674.3,2,true
2011,47,0,6.036692,17642063.8,2,true
2011,48,0,434.268252,14552623.5,3,true
2011,49,0,7.408699,39803655.6,4,true
2011,49,1,0.000000,31854048.6,1,true
2011,50,0,87.356678,146269176.9,21,true
2011,50,1,23.718005,40312167.7,2,true
2011,51,0,3.595668,55856784.3,9,true
2011,51,1,0.000000,5926684.5,1,true
2011,52,0,120.847650,67822445.0,9,true
2011,53,0,7.385338,63801301.1,7,true
2011,53,1,201.835243,36062630.9,5,true
2011,54,0,2.091439,112640127.8,13,true
2011,54,1,30.000000,11025443.1,1,true
2011,55,0,62.757923,185763749.0,24,true
2011,55,1,56.678726,8977588.4,2,true
2011,56,0,54.322174,70625424.0,16,true
2011,56,1,98.357729,111219699.0,8,true
2011,57,0,0.636477,108604567.3,18,true
2011,57,1,190.275710,8980776.7,2,true
2011,58,0,45.008007,121238131.7,19,true
2011,58,1,42.951192,18344810.2,2,true
2011,59,0,5.218394,70580546.9,10,true
2011,59,1,42.546743,25500184.2,3,true
2011,60,0,43.101695,327524301.7,47,true
2011,60,1,230.470255,45509380.1,4,true
2011,61,0,40.490247,114828304.5,18,true
2011,61,1,91.103785,43369700.4,5,true
2011,62,0,46.814003,179724525.7,28,true
2011,62,1,36.153965,43553455.5,5,true
2011,63,0,14.418453,195066524.1,33,true
2011,63,1,287.280204,43654315.5,5,true
2011,64,0,21.236274,149346663.9,32,true
2011,64,1,30.912412,112384822.3,10,true
2011,65,0,19.056641,544613417.9,81,true
2011,65,1,146.212444,47804171.1,7,true
2011,66,0,15.928864,187861968.6,30,true
2011,66,1,63.636394,115893642.6,6,true
2011,67,0,12.349683,337687132.0,60,true
2011,67,1,123.272015,75704721.8,10,true
2011,68,0,16.320945,436234530.3,68,true
2011,68,1,10.826177,46615384.1,7,true
2011,69,0,30.354185,351220418.6,57,true
2011,69,1,0.000000,98893863.4,3,true
2011,70,0,15.538421,1028077175.0,145,true
2011,70,1,55.811133,59509331.6,5,true
2011,71,0,15.949764,341286197.2,57,true
2011,71,1,243.707438,93913150.2,8,true
2011,72,0,31.415943,459415442.6,63,true
2011,72,1,39.577491,80380762.4,13,true
2011,73,0,39.812276,430003080.4,59,true
2011,73,1,57.537093,96495252.8,5,true
2011,74,0,33.792790,513980912.5,65,true
2011,74,1,131.538316,33636796.7,5,true
2011,75,0,6.954716,1188249490.8,140,true
2011,75,1,334.829221,63105828.6,7,true
2011,76,0,32.580986,571993440.3,89,true
2011,76,1,109.935922,96716565.6,9,true
2011,77,0,19.321069,496237434.2,74,true
2011,77,1,60.023386,51545607.4,6,true
2011,78,0,31.136395,633846020.4,97,true
2011,78,1,222.801252,65682986.2,11,true
2011,79,0,42.014971,605981705.5,94,true
2011,79,1,264.551076,59862806.7,7,true
2011,80,0,24.807634,4379511580.3,622,true
2011,80,1,144.527679,447116373.8,48,true
2011,85,0,30.629409,5397197831.5,822,true
2011,85,1,171.738038,722593048.9,62,true
2012,19,1,0.000000,32346217.8,1,true
2012,21,0,0.000000,16981725.9,1,true
2012,25,0,0.000000,1622373.2,1,true
2012,30,0,0.000000,1739061.2,1,true
2012,31,0,0.000000,6274956.9,2,true
2012,31,1,897.000000,7725512.7,1,true
2012,37,0,0.000000,11948442.9,2,true
2012,38,0,12.786663,22809363.6,3,true
2012,39,0,0.000000,2289131.2,1,true
2012,41,1,121.026471,34311599.9,2,true
2012,42,0,26.936163,10827661.3,1,true
2012,43,0,0.000000,19428826.2,3,true
2012,44,0,0.000000,16799821.8,1,true
2012,44,1,30.000000,12403303.5,1,true
2012,45,0,3.803409,53675565.8,6,true
2012,45,1,23.357246,38032766.1,1,true
2012,46,0,0.000000,37326228.7,3,true
2012,47,0,0.000000,17722927.2,3,true
2012,47,1,0.000000,3026214.9,1,true
2012,48,0,0.000000,10913365.1,3,true
2012,48,1,0.000000,43428716.5,2,true
2012,49,0,0.000000,46107320.8,5,true
2012,49,1,6.286018,20174609.1,2,true
2012,50,0,0.000000,197514697.8,18,true
2012,50,1,54.852866,64187571.5,6,true
2012,51,0,78.815468,51583709.5,7,true
2012,51,1,3.085993,65151532.8,4,true
2012,52,0,9.619134,50567845.3,5,true
2012,52,1,1.795744,3272560.6,1,true
2012,53,0,2.754181,33948335.8,7,true
2012,53,1,71.746105,26895678.0,3,true
2012,54,0,12.530933,67015874.8,10,true
2012,54,1,208.311032,32547137.7,2,true
2012,55,0,5.336548,112448965.6,18,true
2012,55,1,74.787449,13082581.6,2,true
2012,56,0,15.029643,94204454.2,18,true
2012,56,1,10.000000,12365736.0,1,true
2012,57,0,7.437862,69399024.8,9,true
2012,57,1,6.557007,28252647.6,3,true
2012,58,0,15.324586,120291494.6,22,true
2012,58,1,28.743356,32828662.5,3,true
2012,59,0,0.000000,77211697.3,12,true
2012,59,1,132.285265,23901906.8,3,true
2012,60,0,9.205453,289802563.6,41,true
2012,60,1,50.666346,146276939.1,9,true
2012,61,0,1.037369,58885720.6,14,true
2012,61,1,34.573741,13471400.7,2,true
2012,62,0,7.257755,136563804.8,28,true
2012,62,1,67.144383,60145690.4,7,true
2012,63,0,16.455224,205216891.8,29,true
2012,63,1,113.208720,71253164.2,6,true
2012,64,0,6.186030,297522550.9,41,true
2012,64,1,52.141391,68106250.7,7,true
2012,65,0,22.112945,487697680.8,81,true
2012,65,1,48.696498,75916809.0,7,true
2012,66,0,2.522465,210426637.0,28,true
2012,66,1,5.269423,60135765.1,4,true
2012,67,0,9.085197,224715790.7,42,true
2012,67,1,80.856002,90286857.0,8,true
2012,68,0,2.678244,275135165.8,50,true
2012,68,1,28.268796,45066021.7,6,true
2012,69,0,15.152443,281543219.2,52,true
2012,69,1,83.036263,162776378.3,10,true
2012,70,0,11.260849,861895937.8,116,true
2012,70,1,123.942352,73864484.3,8,true
2012,71,0,18.329362,340158793.0,48,true
2012,71,1,61.708305,36220147.8,3,true
2012,72,0,31.204068,499168348.8,69,true
2012,72,1,134.844826,27864791.3,6,true
2012,73,0,28.960459,428792611.4,59,true
2012,73,1,263.089950,90788053.5,9,true
2012,74,0,27.539911,469028474.7,70,true
2012,74,1,71.734937,70258498.0,9,true
2012,75,0,10.559552,863727807.8,125,true
2012,75,1,77.417376,142152977.0,9,true
2012,76,0,40.583538,672345330.5,89,true
2012,76,1,18.298642,95217420.2,8,true
2012,77,0,23.705067,531083800.3,62,true
2012,77,1,117.805243,228128511.0,18,true
2012,78,0,11.958217,677889670.0,86,true
2012,78,1,337.594444,117068406.9,10,true
2012,79,0,27.945551,586247640.2,85,true
2012,79,1,340.681430,20546654.1,3,true
2012,80,0,17.679847,3771066068.9,528,true
2012,80,1,205.109324,545542105.5,41,true
2012,85,0,27.261816,5388266327.6,784,true
2012,85,1,225.152282,596673753.7,59,true
2013,19,1,1018.375911,8575006.3,1,true
2013,20,0,0.000000,4757475.1,1,true
2013,32,0,0.000000,4469643.6,1,true
2013,35,1,30.000000,4729115.4,1,true
2013,36,0,14.014347,1127237.4,1,true
2013,37,1,180.000000,6232850.5,1,true
2013,38,1,0.000000,3153865.4,1,true
2013,39,1,0.000000,10177306.6,1,true
2013,40,0,112.114779,18144065.7,1,true
2013,40,1,107.744651,14936616.1,1,true
2013,42,0,0.000000,2934682.2,1,true
2013,43,0,0.000000,936836.1,1,true
2013,43,1,105.627866,20486626.6,2,true
2013,44,0,0.000000,10318793.3,3,true
2013,44,1,1.876916,16301580.3,2,true
2013,45,0,31.761861,26451718.5,4,true
2013,46,0,0.000000,3769670.6,1,true
2013,47,0,0.000000,25617309.2,2,true
2013,48,0,63.121617,13808348.1,3,true
2013,49,0,0.000000,43395324.0,6,true
2013,49,1,131.218881,76132269.3,4,true
2013,50,0,43.771351,131191521.5,16,true
2013,50,1,0.000000,66016076.4,4,true
2013,51,0,0.000000,26918449.6,2,true
2013,51,1,0.000000,13281260.1,1,true
2013,52,0,225.703072,49474025.0,8,true
2013,52,1,1018.375911,8575006.3,1,true
2013,53,0,61.717443,50549900.2,9,true
2013,53,1,573.617603,90867874.7,4,true
2013,54,0,0.000000,102721618.8,11,true
2013,54,1,0.000000,8348845.7,2,true
2013,55,0,7.388172,102864345.0,14,true
2013,55,1,380.633177,47582020.7,4,true
2013,56,0,131.325720,101353824.5,15,true
2013,56,1,475.525404,18140532.7,2,true
2013,57,0,0.000000,56074131.7,7,true
2013,57,1,159.591609,41352060.7,4,true
2013,58,0,7.997513,148620798.5,21,true
2013,58,1,213.536459,24311793.3,2,true
2013,59,0,34.044686,96307602.8,15,true
2013,59,1,0.000000,17921675.2,2,true
2013,60,0,0.902044,356668369.0,42,true
2013,61,0,24.457301,102690117.5,13,true
2013,61,1,26.404521,85978205.2,6,true
2013,62,0,13.396119,263592641.2,41,true
2013,62,1,213.032530,43954623.0,5,true
2013,63,0,1.481224,232416588.7,30,true
2013,63,1,712.000000,9051495.8,1,true
2013,64,0,11.101423,282401568.1,32,true
2013,64,1,55.086846,79471373.0,7,true
2013,65,0,16.089894,598828884.1,68,true
2013,65,1,32.765081,26204298.8,4,true
2013,66,0,18.937064,286267643.8,39,true
2013,66,1,99.287617,132584883.1,14,true
2013,67,0,7.520763,337175939.5,42,true
2013,67,1,101.531824,48567263.3,9,true
2013,68,0,39.270121,308268428.1,50,true
2013,68,1,47.158496,145313164.6,8,true
2013,69,0,6.306154,359250211.0,43,true
2013,69,1,10.975734,38275645.1,4,true
2013,70,0,15.097091,1088946170.2,121,true
2013,70,1,5.115175,25089562.1,4,true
2013,71,0,26.557857,249877807.4,40,true
2013,71,1,190.741747,128227069.3,11,true
2013,72,0,6.343078,657109498.8,80,true
2013,72,1,149.752410,33645480.8,5,true
2013,73,0,54.224846,350816321.1,54,true
2013,73,1,46.555044,70556310.3,6,true
2013,74,0,36.763305,410108436.4,52,true
2013,74,1,93.605887,60007618.3,6,true
2013,75,0,26.143814,733551255.2,100,true
2013,75,1,71.410157,133177698.3,10,true
2013,76,0,21.990471,438235493.5,57,true
2013,76,1,197.344976,89348694.9,10,true
2013,77,0,25.273139,424722285.8,64,true
2013,77,1,45.237692,68434040.3,5,true
2013,78,0,37.719559,665701697.1,97,true
2013,78,1,167.350998,132025809.2,12,true
2013,79,0,15.592555,463821415.5,63,true
2013,79,1,340.038210,96631464.0,12,true
2013,80,0,21.894914,3996082657.0,497,true
2013,80,1,203.774824,485799091.5,43,true
2013,85,0,25.061238,5795180371.2,746,true
2013,85,1,189.073570,708856790.0,64,true
2014,22,0,0.000000,4375261.3,1,true
2014,22,1,0.000000,6329969.8,1,true
2014,24,0,0.000000,3482033.4,1,true
2014,26,1,300.000000,5964841.4,1,true
2014,30,0,242.915355,2514222.4,1,true
2014,31,1,650.000000,18188740.6,1,true
2014,32,0,17.957442,4496228.7,1,true
2014,33,0,17.957442,4496228.7,1,true
2014,34,1,0.000000,6903534.5,1,true
2014,36,0,0.000000,3330343.3,1,true
2014,38,0,41.916617,19738322.1,3,true
2014,38,1,0.000000,15930730.5,1,true
2014,39,1,299.658324,31391135.8,2,true
2014,40,0,417.329035,6930765.5,2,true
2014,40,1,0.000000,4923626.0,1,true
2014,43,1,0.000000,25439431.5,1,true
2014,44,1,177.896265,48635818.8,3,true
2014,45,0,0.000000,26667843.0,4,true
2014,45,1,0.000000,80546201.4,4,true
2014,46,0,621.302735,5424724.7,1,true
2014,46,1,14.346438,17202435.4,2,true
2014,47,0,28.804624,25776562.5,3,true
2014,47,1,0.000000,10776529.6,1,true
2014,48,0,75.693486,13087157.2,3,true
2014,48,1,660.000000,9838397.9,1,true
2014,49,0,79.611895,32688331.5,6,true
2014,49,1,0.000000,22200598.7,2,true
2014,50,0,2.437321,42744835.8,10,true
2014,50,1,21.502052,9771724.8,2,true
2014,51,0,11.660279,26252482.3,4,true
2014,51,1,0.000000,14811453.5,2,true
2014,52,0,18.349633,37700033.9,8,true
2014,52,1,0.000000,27036467.7,2,true
2014,53,0,5.714689,100379784.4,10,true
2014,53,1,46.393951,70316774.3,3,true
2014,54,0,8.691630,63025015.8,12,true
2014,54,1,32.380427,30756880.1,3,true
2014,55,0,11.139392,81860008.0,14,true
2014,55,1,44.514206,56463890.6,2,true
2014,56,0,10.708202,64064510.3,14,true
2014,56,1,131.393334,51707640.6,5,true
2014,57,0,10.751312,109081671.3,15,true
2014,57,1,0.000000,3122461.3,1,true
2014,58,0,18.125474,179519031.6,20,true
2014,58,1,25.591924,45219950.9,4,true
2014,59,0,6.944527,151273528.0,25,true
2014,59,1,51.447492,76367515.9,6,true
2014,60,0,27.368146,247801208.5,37,true
2014,60,1,72.065867,56369926.8,5,true
2014,61,0,51.792689,275265220.9,22,true
2014,61,1,18.578129,39061903.7,4,true
2014,62,0,23.518716,260488381.7,30,true
2014,62,1,53.795255,45516176.1,6,true
2014,63,0,20.227753,272078648.8,37,true
2014,63,1,186.679757,59057031.7,5,true
2014,64,0,13.974106,219215969.7,31,true
2014,64,1,428.112696,49704635.1,4,true
2014,65,0,24.164840,491708564.3,73,true
2014,65,1,113.339931,84657593.6,8,true
2014,66,0,8.842443,364439567.6,44,true
2014,66,1,101.791770,72092443.4,8,true
2014,67,0,20.243385,419613381.4,52,true
2014,67,1,135.528541,64208958.7,5,true
2014,68,0,39.129573,476610935.9,58,true
2014,68,1,9.969974,80675411.7,6,true
2014,69,0,21.119844,339263518.6,47,true
2014,69,1,78.895501,133883441.5,12,true
2014,70,0,26.115833,977883233.7,131,true
2014,70,1,267.031217,76000446.7,9,true
2014,71,0,39.348686,351556597.8,54,true
2014,71,1,81.803407,261483780.3,19,true
2014,72,0,8.673820,490716382.4,70,true
2014,72,1,114.862403,119062103.3,11,true
2014,73,0,16.890666,430412887.6,57,true
2014,73,1,132.152091,176842116.1,12,true
2014,74,0,29.136388,542315281.1,72,true
2014,74,1,186.568597,70804279.1,5,true
2014,75,0,22.502449,788061482.6,111,true
2014,75,1,106.041989,71321948.0,8,true
2014,76,0,22.311582,526343410.6,72,true
2014,76,1,52.234837,79112078.3,8,true
2014,77,0,34.857647,466224520.7,56,true
2014,77,1,145.184708,89130526.3,10,true
2014,78,0,12.910237,759423843.2,100,true
2014,78,1,151.312847,107053827.9,9,true
2014,79,0,17.825377,643583787.9,80,true
2014,79,1,256.558765,147835688.8,14,true
2014,80,0,26.274607,3630791639.5,537,true
2014,80,1,173.993831,568025770.9,50,true
2014,85,0,23.280853,5812328493.1,761,true
2014,85,1,166.515400,689426589.3,55,true
2015,1,0,0.000000,3117540.1,1,true
2015,17,0,20.000000,6943712.6,1,true
2015,24,1,0.000000,35326114.4,1,true
2015,27,1,54.770198,2957949.5,1,true
2015,28,1,0.000000,3751877.1,1,true
2015,34,1,245.000000,8313789.0,1,true
2015,38,0,0.000000,16571650.8,1,true
2015,39,0,0.000000,14096428.7,2,true
2015,40,0,0.000000,31987973.3,4,true
2015,40,1,70.000000,18374290.5,1,true
2015,41,0,0.000000,2958928.0,1,true
2015,43,1,0.000000,16571650.8,1,true
2015,44,0,0.000000,22324959.3,1,true
2015,45,0,0.000000,30921022.1,2,true
2015,45,1,48.755038,10071880.3,2,true
2015,47,0,0.000000,20827696.6,3,true
2015,47,1,0.000000,23508085.9,2,true
2015,48,0,5.992267,38778890.2,5,true
2015,49,0,25.993220,48622555.8,7,true
2015,49,1,144.661583,6239421.0,2,true
2015,50,0,14.491122,106225428.3,13,true
2015,50,1,0.000000,26108755.7,2,true
2015,51,0,0.074719,41029720.3,5,true
2015,51,1,1093.000000,8024547.8,1,true
2015,52,0,67.640673,63588191.2,8,true
2015,52,1,17.411316,60130051.5,5,true
2015,53,0,1.980058,57724002.2,7,true
2015,53,1,243.537607,24939855.5,3,true
2015,54,0,8.578417,35034473.6,6,true
2015,54,1,120.000000,8024574.0,1,true
2015,55,0,14.766629,123584938.0,15,true
2015,56,0,2.802260,124028888.3,13,true
2015,56,1,12.065275,86363800.9,4,true
2015,57,0,83.901796,133017618.5,20,true
2015,57,1,745.000000,2097079.6,1,true
2015,58,0,10.717866,68824055.6,12,true
2015,58,1,61.628602,65449924.9,6,true
2015,59,0,18.483241,136816470.9,17,true
2015,59,1,151.992700,88666182.0,4,true
2015,60,0,38.847645,219855936.0,29,true
2015,61,0,9.057232,90418574.7,12,true
2015,61,1,49.006249,19573813.1,2,true
2015,62,0,17.756494,222893391.0,32,true
2015,62,1,28.504999,25549926.0,3,true
2015,63,0,7.050857,257203350.1,37,true
2015,63,1,0.000000,7541576.8,1,true
2015,64,0,19.265131,184703686.5,27,true
2015,64,1,28.983098,74478449.7,6,true
2015,65,0,9.087062,399163130.2,64,true
2015,65,1,44.547374,128243413.8,7,true
2015,66,0,40.326999,323764743.4,37,true
2015,66,1,78.843319,38432785.8,3,true
2015,67,0,13.145781,419884154.3,50,true
2015,67,1,63.465497,144184668.9,12,true
2015,68,0,8.840654,269020544.9,39,true
2015,68,1,6.114741,67773815.1,6,true
2015,69,0,13.548848,340030379.0,45,true
2015,69,1,134.673515,65140932.2,5,true
2015,70,0,26.937528,558206910.8,76,true
2015,70,1,38.425988,50248012.1,7,true
2015,71,0,4.060886,371704417.1,42,true
2015,71,1,52.194002,119397242.7,10,true
2015,72,0,19.622626,650027699.7,75,true
2015,72,1,122.019463,77162263.3,9,true
2015,73,0,30.688398,476470025.5,60,true
2015,73,1,55.786762,74528759.1,7,true
2015,74,0,29.586174,591590393.6,69,true
2015,74,1,75.305858,76083107.3,6,true
2015,75,0,23.705147,733087097.9,96,true
2015,75,1,36.900684,176352268.8,6,true
2015,76,0,30.797594,509233202.7,63,true
2015,76,1,38.018777,149026050.0,14,true
2015,77,0,56.556579,433236264.9,58,true
2015,77,1,130.269880,239477241.5,16,true
2015,78,0,10.325102,696105220.7,90,true
2015,78,1,138.104996,57813654.0,7,true
2015,79,0,14.967498,472113335.0,64,true
2015,79,1,112.012548,92803838.0,7,true
2015,80,0,24.599912,3930172099.9,426,true
2015,80,1,185.998704,582901438.5,52,true
2015,85,0,27.553562,6217841958.3,787,true
2015,85,1,189.401913,565387006.7,55,true
2016,28,0,0.000000,13318455.6,1,true
2016,30,0,0.000000,14030046.5,1,true
2016,33,0,17.237191,13963622.9,2,true
2016,35,0,0.000000,14030046.5,1,true
2016,36,0,0.000000,1675071.4,1,true
2016,37,0,173.514969,10811845.0,2,true
2016,39,0,0.000000,30479210.5,2,true
2016,40,0,6.192401,15584232.7,2,true
2016,41,1,60.000000,8300880.8,1,true
2016,42,0,0.000000,2246743.6,1,true
2016,43,0,6.891773,28504117.5,2,true
2016,43,1,6.924199,31966799.5,2,true
2016,44,1,0.000000,19938925.4,1,true
2016,45,0,0.000000,76879084.6,8,true
2016,45,1,200.000000,8582977.3,1,true
2016,46,0,0.000000,42989263.7,4,true
2016,47,1,0.000000,2740706.5,1,true
2016,48,0,139.433125,47710535.4,3,true
2016,48,1,224.229558,29667939.9,1,true
2016,50,0,7.006178,266754419.3,24,true
2016,50,1,0.000000,28377140.3,2,true
2016,51,0,0.000000,42997402.3,3,true
2016,51,1,180.000000,33206846.8,1,true
2016,52,0,15.343052,51765057.8,7,true
2016,52,1,0.000000,6567988.2,2,true
2016,53,0,104.711742,13699895.5,2,true
2016,54,0,9.893064,51655787.7,6,true
2016,54,1,281.476164,65664729.4,4,true
2016,55,0,16.703787,120385769.0,17,true
2016,55,1,498.222030,39366030.3,4,true
2016,56,0,4.847690,130800252.6,10,true
2016,56,1,313.824885,35646972.0,3,true
2016,57,0,3.934848,122355354.2,11,true
2016,57,1,0.000000,28047120.7,3,true
2016,58,0,7.897805,100654420.3,18,true
2016,58,1,0.000000,5780925.4,1,true
2016,59,0,17.223259,54736210.1,9,true
2016,59,1,19.530783,68172574.6,5,true
2016,60,0,2.501538,263156731.6,34,true
2016,60,1,20.344510,68690475.9,5,true
2016,61,0,7.613402,295878193.7,25,true
2016,61,1,397.638227,30379624.5,4,true
2016,62,0,11.019307,254924850.6,26,true
2016,62,1,53.232687,139474402.8,7,true
2016,63,0,29.882821,268555200.4,32,true
2016,63,1,122.971748,87611225.7,6,true
2016,64,0,10.000748,164944718.7,31,true
2016,64,1,139.794332,176749045.4,8,true
2016,65,0,19.997129,553380876.9,63,true
2016,65,1,38.243568,163028494.3,10,true
2016,66,0,30.175795,241783406.0,31,true
2016,66,1,30.290365,53076217.9,5,true
2016,67,0,30.037851,296385923.1,49,true
2016,67,1,107.343691,124547828.7,11,true
2016,68,0,9.324462,527486419.1,57,true
2016,68,1,209.084077,81247144.7,7,true
2016,69,0,19.496617,411817990.8,47,true
2016,69,1,0.000000,42795204.9,2,true
2016,70,0,7.254093,853771223.5,91,true
2016,70,1,163.716124,73273606.2,8,true
2016,71,0,8.728160,311156233.0,35,true
2016,71,1,174.925259,83227573.3,6,true
2016,72,0,23.406655,426121343.6,55,true
2016,72,1,47.382297,118820053.0,8,true
2016,73,0,25.227587,395809080.9,47,true
2016,73,1,67.381469,55666769.2,7,true
2016,74,0,44.617740,671563792.9,84,true
2016,74,1,270.727820,93923930.1,7,true
2016,75,0,23.211430,813041563.3,102,true
2016,75,1,159.932809,80446702.4,8,true
2016,76,0,5.827401,572641132.2,63,true
2016,76,1,53.731418,77405493.9,5,true
2016,77,0,16.458386,341537900.4,48,true
2016,77,1,79.116551,42626459.7,5,true
2016,78,0,22.733854,704841275.5,84,true
2016,78,1,13.348106,66566224.3,5,true
2016,79,0,36.606813,619136615.6,74,true
2016,79,1,13.290037,105594826.0,5,true
2016,80,0,21.793309,3652964497.7,440,true
2016,80,1,131.834459,664656003.3,49,true
2016,85,0,31.639606,6478721248.5,699,true
2016,85,1,175.202146,720938907.7,56,true
2017,18,1,75.000000,17163758.9,1,true
2017,26,1,0.000000,16625539.5,1,true
2017,30,1,1290.000000,7355418.7,1,true
2017,31,1,28.028695,14464055.3,1,true
2017,33,0,0.000000,16571216.7,1,true
2017,33,1,0.000000,4090742.9,1,true
2017,36,1,90.000000,10000616.1,1,true
2017,37,0,0.000000,10102200.9,1,true
2017,39,0,0.000000,3499241.0,1,true
2017,40,0,0.000000,33745391.3,4,true
2017,41,0,222.895321,7410770.7,1,true
2017,41,1,95.244955,69304919.1,2,true
2017,42,0,0.000000,23958879.3,2,true
2017,43,0,0.000000,4103113.7,1,true
2017,45,0,28.350951,87961659.2,2,true
2017,45,1,0.000000,11721867.7,1,true
2017,46,0,0.000000,50918112.2,6,true
2017,47,0,211.685820,19289710.9,2,true
2017,47,1,53.796591,30948079.5,2,true
2017,48,0,0.000000,89263871.6,9,true
2017,48,1,0.000000,9707868.7,1,true
2017,49,0,0.000000,5807630.1,1,true
2017,50,0,84.460766,67525876.4,9,true
2017,50,1,18.697093,24821788.6,2,true
2017,51,0,0.000000,7818346.4,2,true
2017,51,1,0.000000,9801952.0,1,true
2017,52,0,9.087128,41482618.3,6,true
2017,52,1,49.940633,72477548.3,3,true
2017,53,0,0.000000,79894242.8,4,true
2017,53,1,0.000000,12477859.0,1,true
2017,54,0,13.156942,118972662.8,8,true
2017,54,1,0.000000,29714037.3,1,true
2017,55,0,62.193453,212706065.0,20,true
2017,55,1,25.462297,72709778.8,3,true
2017,56,0,11.932744,221967757.6,19,true
2017,56,1,26.186924,17722405.7,1,true
2017,57,0,11.918354,170414336.9,20,true
2017,57,1,0.000000,14131974.9,1,true
2017,58,0,28.405641,150806076.2,20,true
2017,58,1,136.063117,83664189.0,3,true
2017,59,0,10.949748,136776733.7,20,true
2017,59,1,127.881248,96469693.2,6,true
2017,60,0,4.717775,307019979.0,39,true
2017,60,1,134.036904,25471871.0,4,true
2017,61,0,23.396879,94710319.4,18,true
2017,61,1,174.990158,58001758.2,6,true
2017,62,0,21.410739,298711440.0,37,true
2017,62,1,268.485048,77062340.8,8,true
2017,63,0,6.800973,232995034.2,24,true
2017,63,1,77.526456,72359113.9,6,true
2017,64,0,8.874318,196406175.3,27,true
2017,64,1,80.781737,148574298.2,8,true
2017,65,0,11.541408,320804294.1,45,true
2017,65,1,149.784012,86694627.8,5,true
2017,66,0,61.157365,299215790.2,31,true
2017,66,1,80.974824,81223194.0,5,true
2017,67,0,7.494825,404891495.5,43,true
2017,67,1,142.658872,170275176.7,16,true
2017,68,0,11.473300,468627961.6,45,true
2017,68,1,225.220344,135685220.4,12,true
2017,69,0,30.644152,289071831.5,32,true
2017,69,1,64.557380,62806753.3,7,true
2017,70,0,25.796407,729110901.4,88,true
2017,70,1,175.401653,59080902.1,6,true
2017,71,0,39.211570,343922807.9,33,true
2017,71,1,36.582409,65534068.8,7,true
2017,72,0,19.025902,593057770.3,79,true
2017,72,1,90.423990,66020496.3,5,true
2017,73,0,64.600865,480007801.0,57,true
2017,73,1,30.219917,98612256.2,8,true
2017,74,0,21.496747,581215799.4,57,true
2017,74,1,96.252638,93357387.6,9,true
2017,75,0,23.705027,697967878.1,84,true
2017,75,1,0.000000,104430496.8,5,true
2017,76,0,9.377113,561589916.5,62,true
2017,76,1,49.536251,67300859.3,7,true
2017,77,0,57.053701,381569657.5,44,true
2017,77,1,116.975355,137287324.5,10,true
2017,78,0,36.944941,799678612.0,72,true
2017,78,1,82.388406,294239586.4,13,true
2017,79,0,18.638058,595443412.9,62,true
2017,79,1,295.186486,28586944.1,3,true
2017,80,0,20.140557,3280886347.1,408,true
2017,80,1,262.018461,566097710.8,40,true
2017,85,0,36.725286,5918546380.1,710,true
2017,85,1,281.301571,654321054.4,48,true
2018,8,0,125.702093,7974609.3,1,true
2018,25,0,0.000000,17538538.4,2,true
2018,33,0,0.000000,2426835.8,1,true
2018,38,0,0.000000,8605379.1,1,true
2018,39,1,0.000000,32064564.3,1,true
2018,40,0,0.000000,13705196.8,1,true
2018,42,1,0.000000,15482768.0,1,true
2018,44,0,0.000000,1589384.8,1,true
2018,44,1,20.000000,7420779.5,1,true
2018,45,0,71.030344,20075690.6,3,true
2018,46,0,0.000000,4728157.9,1,true
2018,46,1,60.000000,8318137.7,1,true
2018,47,0,21.492361,59900645.5,4,true
2018,47,1,0.000000,43094657.9,2,true
2018,48,0,0.000000,22264808.0,2,true
2018,48,1,37.371593,23639875.4,1,true
2018,49,1,210.794371,57720807.5,2,true
2018,50,0,0.000000,25308586.3,4,true
2018,51,0,9.101338,27811491.1,4,true
2018,51,1,24.796711,45746061.6,2,true
2018,52,0,34.737642,66525819.6,7,true
2018,53,0,200.740580,61409683.0,5,true
2018,53,1,295.000000,29624123.1,1,true
2018,54,0,208.531259,90321802.4,8,true
2018,54,1,12.448633,15427767.1,2,true
2018,55,0,2.821988,69893574.5,11,true
2018,55,1,181.491147,132804729.9,6,true
2018,56,0,0.000000,46197027.0,7,true
2018,56,1,0.000000,15123248.1,1,true
2018,57,0,29.009660,70352209.9,5,true
2018,57,1,66.000000,6229575.5,1,true
2018,58,0,56.268235,25058247.8,5,true
2018,58,1,120.000000,9922213.3,1,true
2018,59,0,17.393574,211183102.3,20,true
2018,59,1,37.454832,42169506.8,3,true
2018,60,0,15.316988,287385659.8,27,true
2018,60,1,0.000000,58965876.8,2,true
2018,61,0,7.634812,112392610.8,13,true
2018,61,1,73.451787,58277106.8,4,true
2018,62,0,15.965216,304949109.9,27,true
2018,62,1,130.676242,151636821.7,8,true
2018,63,0,15.071060,91411165.6,15,true
2018,63,1,159.723767,190363642.8,7,true
2018,64,0,162.652136,196720316.2,22,true
2018,64,1,95.774094,97311665.4,6,true
2018,65,0,19.043775,386133244.8,46,true
2018,65,1,104.517532,136225170.1,6,true
2018,66,0,13.569886,163472318.4,19,true
2018,66,1,65.898997,106128972.8,5,true
2018,67,0,11.696059,337829273.0,38,true
2018,67,1,269.513607,56105000.5,6,true
2018,68,0,19.199474,317711068.3,32,true
2018,68,1,381.234030,59839491.6,5,true
2018,69,0,23.193168,276763625.2,34,true
2018,69,1,174.064124,49760108.2,4,true
2018,70,0,24.846367,611368362.1,68,true
2018,70,1,86.277474,77814436.0,6,true
2018,71,0,9.588643,377383241.1,40,true
2018,71,1,231.629950,121490669.8,11,true
2018,72,0,24.572608,593122781.9,68,true
2018,72,1,176.537824,27353882.1,3,true
2018,73,0,25.554731,320990495.4,43,true
2018,73,1,157.432996,110676259.3,7,true
2018,74,0,24.870886,593455723.0,53,true
2018,74,1,36.194258,57999701.8,4,true
2018,75,0,19.082340,776100111.5,80,true
2018,75,1,122.113341,60170526.2,6,true
2018,76,0,14.839382,535371582.5,58,true
2018,76,1,55.026688,136406342.8,7,true
2018,77,0,35.805529,614474162.9,52,true
2018,77,1,133.905567,157852937.5,11,true
2018,78,0,27.666679,728023662.9,59,true
2018,78,1,828.000000,16487312.6,1,true
2018,79,0,23.829565,526571127.9,53,true
2018,79,1,98.154426,89714594.5,9,true
2018,80,0,33.525349,4087978734.4,410,true
2018,80,1,234.509261,440222235.3,34,true
2018,85,0,20.944004,6058986029.2,679,true
2018,85,1,155.265570,618154677.3,53,true
2019,26,0,0.000000,16654487.9,1,true
2019,29,0,0.000000,6180722.5,1,true
2019,32,1,255.000000,9508035.4,1,true
2019,35,0,18.578714,14505635.6,2,true
2019,36,1,359.701583,23789098.9,1,true
2019,39,0,0.000000,11000880.8,1,true
2019,39,1,19.925625,19681434.0,2,true
2019,40,0,0.000000,27904354.2,4,true
2019,43,0,0.000000,2291186.4,1,true
2019,44,0,60.000000,13453322.5,1,true
2019,45,0,0.000000,5039282.1,2,true
2019,45,1,290.000000,9206336.9,1,true
2019,47,0,0.000000,35316481.4,3,true
2019,47,1,0.000000,71583953.4,3,true
2019,48,0,0.000000,5078265.9,1,true
2019,49,0,0.000000,16606851.5,2,true
2019,49,1,123.152257,52822601.2,2,true
2019,50,0,52.696198,37626652.6,6,true
2019,50,1,0.000000,4133318.0,1,true
2019,51,0,0.000000,43763254.8,3,true
2019,51,1,140.143474,7637263.9,1,true
2019,52,0,26.830817,72671838.7,8,true
2019,52,1,130.000000,5720482.0,1,true
2019,53,0,0.000000,54589563.8,5,true
2019,53,1,0.000000,17211310.0,1,true
2019,54,0,22.152060,37260037.5,5,true
2019,55,0,168.499146,76209721.4,12,true
2019,55,1,56.338416,24613147.2,3,true
2019,56,0,50.705804,82324302.2,13,true
2019,57,0,0.000000,24080227.5,4,true
2019,57,1,156.407948,24748081.1,3,true
2019,58,0,23.994428,81824971.2,14,true
2019,58,1,35.534528,152167921.0,3,true
2019,59,0,9.103051,64973678.9,11,true
2019,59,1,146.351715,105958759.6,7,true
2019,60,0,45.871649,219221557.1,23,true
2019,60,1,37.677324,67886258.3,3,true
2019,61,0,44.355072,92825660.9,12,true
2019,61,1,471.195149,18475513.3,3,true
2019,62,0,77.129193,157611196.2,20,true
2019,62,1,48.552623,104446783.2,6,true
2019,63,0,22.712666,309439622.5,26,true
2019,63,1,25.332502,50562281.4,3,true
2019,64,0,33.503011,226361431.6,22,true
2019,64,1,235.367663,58765879.1,6,true
2019,65,0,39.253663,413953965.1,43,true
2019,65,1,117.991908,99716466.6,6,true
2019,66,0,10.958090,221859064.8,23,true
2019,66,1,373.807578,105669929.4,8,true
2019,67,0,14.886616,184683926.8,27,true
2019,67,1,148.216003,135095958.6,10,true
2019,68,0,10.402338,493784827.1,50,true
2019,68,1,62.991214,100021160.2,9,true
2019,69,0,21.813688,295545843.5,32,true
2019,69,1,29.130513,77540591.9,4,true
2019,70,0,10.870289,761706775.6,69,true
2019,70,1,23.485881,40757094.9,6,true
2019,71,0,10.706802,364092132.9,45,true
2019,71,1,157.319684,116456129.2,8,true
2019,72,0,30.628153,461963451.3,54,true
2019,72,1,97.791416,49009614.1,6,true
2019,73,0,29.159812,647146942.5,59,true
2019,73,1,441.548676,59417435.4,4,true
2019,74,0,35.389233,393567932.2,46,true
2019,74,1,224.502453,95350027.1,9,true
2019,75,0,50.811552,570717289.0,61,true
2019,75,1,215.516460,149491209.6,15,true
2019,76,0,54.914434,558798896.1,67,true
2019,76,1,72.077986,93765211.7,8,true
2019,77,0,46.433541,444929407.5,50,true
2019,77,1,100.044470,153630011.8,12,true
2019,78,0,29.357946,842942235.0,96,true
2019,78,1,40.736015,65567772.6,4,true
2019,79,0,28.038810,598243643.4,64,true
2019,79,1,156.209942,58354728.8,6,true
2019,80,0,30.196208,3816127017.9,399,true
2019,80,1,126.559271,538766012.3,44,true
2019,85,0,35.316504,6180647573.8,695,true
2019,85,1,144.851373,538504338.3,46,true
2020,1,0,0.000000,4093366.9,1,false
2020,13,0,0.000000,5241214.3,1,false
2020,23,1,390.000000,5210717.9,1,false
2020,26,1,60.000000,15413682.2,1,false
2020,27,1,131.734866,4563567.8,1,false
2020,28,0,0.000000,17370435.3,1,false
2020,29,1,411.976642,18276867.4,2,false
2020,30,0,0.000000,17370435.3,1,false
2020,35,0,0.000000,1375109.8,1,false
2020,36,0,0.000000,5391271.5,1,false
2020,40,0,428.510335,14351131.9,3,false
2020,41,0,0.000000,19033220.2,1,false
2020,42,0,43.097861,5805052.6,1,false
2020,43,0,0.000000,7593691.1,1,false
2020,45,0,0.000000,5743814.3,1,false
2020,46,0,35.133470,33517904.7,2,false
2020,47,0,0.000000,22570646.8,3,false
2020,48,0,0.000000,19331174.3,2,false
2020,48,1,285.000000,42756536.5,1,false
2020,49,0,472.196595,32220877.3,4,false
2020,50,0,5.732619,118823598.2,11,false
2020,50,1,25.000000,4922860.8,1,false
2020,51,0,695.000000,34672990.6,1,false
2020,51,1,0.000000,11184664.2,1,false
2020,52,0,0.000000,65720645.4,4,false
2020,53,0,0.000000,23996626.9,2,false
2020,53,1,251.464652,7804183.3,2,false
2020,54,0,7.973447,22074757.5,4,false
2020,55,0,0.888722,82939752.1,9,false
2020,55,1,65.863367,23568674.5,3,false
2020,56,0,30.181565,86653347.2,7,false
2020,56,1,263.439543,48302965.9,3,false
2020,57,0,49.235653,78393476.3,8,false
2020,57,1,0.000000,52088472.2,2,false
2020,58,0,0.000000,140125478.1,8,false
2020,58,1,38.870078,76007397.2,5,false
2020,59,0,43.986852,104547997.4,13,false
2020,59,1,9.662581,39609308.1,2,false
2020,60,0,7.461412,183093524.4,17,false
2020,60,1,127.304281,78614984.9,6,false
2020,61,0,182.234720,133786849.5,14,false
2020,61,1,288.261095,24567557.5,4,false
2020,62,0,18.248606,92817753.5,14,false
2020,62,1,10.934540,37418694.6,3,false
2020,63,0,77.547526,373583751.7,26,false
2020,63,1,117.434653,54133036.7,4,false
2020,64,0,9.079671,219133397.3,24,false
2020,64,1,297.680698,26978197.2,3,false
2020,65,0,8.975262,410444276.2,36,false
2020,65,1,23.217830,17939220.5,3,false
2020,66,0,8.025286,142403065.2,23,false
2020,66,1,363.242213,18832966.3,4,false
2020,67,0,18.983661,367878575.4,40,false
2020,67,1,301.701777,101739427.4,7,false
2020,68,0,43.229988,332142178.4,37,false
2020,68,1,49.605990,102760158.7,8,false
2020,69,0,2.967171,311670508.4,36,false
2020,69,1,260.209288,80720984.3,8,false
2020,70,0,19.165681,559973398.3,79,false
2020,70,1,256.963227,157075880.1,11,false
2020,71,0,25.703264,248234504.2,35,false
2020,71,1,111.883957,89508396.7,7,false
2020,72,0,25.446179,370756524.8,43,false
2020,72,1,34.232491,110171271.9,7,false
2020,73,0,30.164217,399757661.9,48,false
2020,73,1,235.493499,116458226.1,13,false
2020,74,0,124.744379,510614055.6,46,false
2020,74,1,253.804788,95784678.0,9,false
2020,75,0,25.227206,654231476.7,66,false
2020,75,1,127.718545,136431677.7,15,false
2020,76,0,95.526323,541889632.1,53,false
2020,76,1,227.618161,123203637.0,12,false
2020,77,0,40.729221,476874824.5,47,false
2020,77,1,54.098241,203831187.8,14,false
2020,78,0,13.640270,557785177.1,64,false
2020,78,1,285.018161,108804968.0,11,false
2020,79,0,32.790075,417822353.5,52,false
2020,79,1,157.936978,73923859.7,8,false
2020,80,0,25.190624,2555018051.8,288,false
2020,80,1,94.237356,463571488.7,39,false
2020,85,0,42.038169,4244452651.4,485,false
2020,85,1,186.832584,711277854.3,62,false
2021,19,1,45.000000,3545192.8,1,true
2021,28,0,0.000000,12278601.5,1,true
2021,30,0,0.000000,16258571.1,1,true
2021,30,1,19.000000,18773594.1,1,true
2021,31,0,0.000000,25439033.4,1,true
2021,32,1,25.000000,13946751.7,1,true
2021,34,0,0.000000,9265967.4,1,true
2021,35,0,0.000000,12119187.6,1,true
2021,36,0,0.000000,4412770.6,1,true
2021,38,0,567.000000,5044487.2,1,true
2021,39,0,0.000000,12119187.6,1,true
2021,40,0,0.000000,6017052.9,1,true
2021,42,0,136.628658,29821242.3,2,true
2021,43,1,0.000000,89085219.2,1,true
2021,45,0,0.000000,15026597.9,2,true
2021,45,1,455.000000,3974855.5,1,true
2021,46,0,0.000000,18295311.3,1,true
2021,46,1,417.000000,15093088.6,1,true
2021,47,0,0.000000,41973098.1,1,true
2021,48,0,0.000000,13678158.5,1,true
2021,48,1,0.000000,28206570.0,2,true
2021,49,0,29.680379,21800057.5,2,true
2021,50,0,3.480166,101645318.6,6,true
2021,50,1,427.637527,49774259.8,2,true
2021,51,1,603.826174,31584676.1,2,true
2021,52,0,0.000000,29167447.5,3,true
2021,53,0,204.016066,32893318.6,3,true
2021,54,0,30.184894,41428360.4,5,true
2021,54,1,695.000000,19141592.4,1,true
2021,55,0,0.000000,42211413.7,6,true
2021,56,0,16.769618,186253153.8,13,true
2021,56,1,18.027005,6391242.6,2,true
2021,57,0,37.784972,79191282.9,9,true
2021,57,1,39.871423,78241025.0,4,true
2021,58,0,148.349232,47227473.1,4,true
2021,58,1,358.671355,28337042.2,3,true
2021,59,0,10.522075,117566162.3,12,true
2021,60,0,32.003287,258420332.3,31,true
2021,60,1,447.810062,56352718.0,4,true
2021,61,0,0.759102,147574542.5,17,true
2021,61,1,57.367194,26739045.9,2,true
2021,62,0,18.080670,145779416.0,16,true
2021,62,1,210.000000,18310714.2,1,true
2021,63,0,9.935888,163674043.7,12,true
2021,63,1,0.000000,78347940.4,3,true
2021,64,0,11.094671,281146577.9,24,true
2021,64,1,22.941058,155910120.1,7,true
2021,65,0,46.850340,427158876.1,43,true
2021,65,1,235.110728,90397380.7,5,true
2021,66,0,64.095378,329687203.9,27,true
2021,66,1,32.479817,204519823.0,10,true
2021,67,0,11.602269,221629025.1,25,true
2021,67,1,22.283457,119137952.4,7,true
2021,68,0,30.716180,350739643.4,38,true
2021,68,1,72.712799,98985562.9,9,true
2021,69,0,26.226885,328526880.5,30,true
2021,69,1,171.820757,101747133.8,10,true
2021,70,0,16.648262,644325358.5,60,true
2021,70,1,89.646488,28938865.9,3,true
2021,71,0,61.803427,223402231.4,31,true
2021,71,1,58.823012,87787491.5,5,true
2021,72,0,22.238007,521613356.4,43,true
2021,72,1,186.831323,210573485.6,12,true
2021,73,0,26.347695,560653618.3,50,true
2021,73,1,126.961965,42746299.4,5,true
2021,74,0,12.700444,530598434.4,47,true
2021,74,1,121.510479,132986167.2,10,true
2021,75,0,29.760004,635569439.1,66,true
2021,75,1,160.054916,73692773.6,6,true
2021,76,0,48.483987,716457752.3,59,true
2021,76,1,636.854296,43161385.6,5,true
2021,77,0,76.021632,533063955.5,54,true
2021,77,1,39.668180,45480715.9,6,true
2021,78,0,33.101760,600624448.7,63,true
2021,78,1,97.904483,117670308.0,9,true
2021,79,0,66.342490,698737131.1,51,true
2021,79,1,101.795281,130113478.8,11,true
2021,80,0,30.619576,3641717428.7,361,true
2021,80,1,108.529786,452973927.5,31,true
2021,85,0,38.594190,4828401584.6,511,true
2021,85,1,209.703884,574318763.4,52,true
2022,18,0,15.000000,36923058.2,1,true
2022,20,0,0.000000,4264966.1,1,true
2022,22,0,107.744651,16219871.4,1,true
2022,24,0,0.000000,36801484.1,2,true
2022,29,1,331.672888,19089161.2,1,true
2022,30,0,107.744651,16219871.4,1,true
2022,31,1,165.000000,19404274.2,1,true
2022,33,0,410.000000,4824705.5,1,true
2022,38,0,37.000000,27701842.4,1,true
2022,38,1,56.057390,12560990.8,1,true
2022,40,1,42.043042,13395026.2,1,true
2022,41,1,840.000000,15492280.5,1,true
2022,42,1,30.000000,11419705.4,1,true
2022,44,0,26.936163,13324175.7,1,true
2022,45,0,87.548023,50675644.1,5,true
2022,46,0,0.000000,5442103.1,1,true
2022,47,1,579.000000,6792713.0,1,true
2022,48,0,0.000000,6773601.4,1,true
2022,48,1,6.000000,1968447.6,1,true
2022,49,0,0.000000,14877901.8,1,true
2022,50,0,0.000000,63539471.7,4,true
2022,50,1,26.701344,31614778.5,2,true
2022,51,0,0.000000,9785207.0,1,true
2022,51,1,790.000000,5774460.7,1,true
2022,52,0,0.000000,29742036.4,3,true
2022,52,1,25.000000,39407418.6,1,true
2022,53,0,0.000000,14281507.7,3,true
2022,53,1,54.740495,56731382.0,4,true
2022,54,0,13.170375,34460383.2,4,true
2022,54,1,30.727504,35861273.0,3,true
2022,55,0,0.000000,28916028.1,3,true
2022,55,1,21.906099,32143393.8,2,true
2022,56,0,190.326339,78870849.4,7,true
2022,56,1,0.000000,20853067.2,2,true
2022,57,0,0.000000,57227947.3,6,true
2022,57,1,112.282412,58088210.7,4,true
2022,58,0,7.070262,37537445.6,6,true
2022,58,1,138.875644,44706126.9,2,true
2022,59,0,16.999634,108968670.1,9,true
2022,59,1,0.000000,36513661.1,2,true
2022,60,0,143.217037,258766874.3,17,true
2022,60,1,0.000000,29476947.2,2,true
2022,61,0,0.000000,93614658.2,10,true
2022,61,1,291.683886,58079025.1,4,true
2022,62,0,27.823722,149197251.3,17,true
2022,62,1,481.403000,37345994.8,3,true
2022,63,0,0.516478,127078358.3,12,true
2022,63,1,637.589712,16460651.6,2,true
2022,64,0,14.515162,173731893.3,19,true
2022,64,1,105.827002,74732587.4,4,true
2022,65,0,36.385870,421002363.8,30,true
2022,65,1,205.384640,77054955.3,6,true
2022,66,0,14.929031,239248459.2,24,true
2022,66,1,2.682504,113852644.9,5,true
2022,67,0,74.915170,338026719.1,26,true
2022,67,1,548.569123,99714254.1,7,true
2022,68,0,26.455611,215479546.4,20,true
2022,68,1,27.972500,156254108.2,7,true
2022,69,0,55.501338,296882482.4,29,true
2022,69,1,171.393822,66798038.6,5,true
2022,70,0,27.952769,747401260.7,60,true
2022,70,1,507.155040,114917937.6,7,true
2022,71,0,9.441379,320816271.8,24,true
2022,71,1,67.319440,62923296.0,7,true
2022,72,0,7.604996,504559763.6,40,true
2022,72,1,174.737842,104751732.7,9,true
2022,73,0,48.636370,506971741.0,45,true
2022,73,1,290.260362,117914989.0,8,true
2022,74,0,48.702666,558536045.1,48,true
2022,74,1,63.079635,101388769.9,6,true
2022,75,0,31.662814,762782673.0,73,true
2022,75,1,84.467801,118968867.0,9,true
2022,76,0,42.278728,374599460.8,40,true
2022,76,1,77.400907,124648578.4,6,true
2022,77,0,12.773512,424921459.9,37,true
2022,77,1,279.074228,106990678.0,11,true
2022,78,0,16.791114,806600882.8,59,true
2022,78,1,271.548234,88559536.1,6,true
2022,79,0,37.688948,490237533.9,55,true
2022,79,1,81.916529,109601553.4,8,true
2022,80,0,14.195949,2557120777.1,260,true
2022,80,1,137.392610,550746955.6,41,true
2022,85,0,41.068363,5555939858.8,522,true
2022,85,1,215.431072,663675278.1,56,true
2023,20,1,0.000000,12812854.9,1,true
2023,21,0,0.000000,17191326.9,1,true
2023,25,0,292.706303,4793473.6,1,true
2023,29,1,225.000000,22556847.4,1,true
2023,33,1,0.000000,10433393.1,1,true
2023,35,0,0.000000,5102587.2,1,true
2023,36,0,0.000000,12909687.1,2,true
2023,37,0,0.000000,14826157.0,2,true
2023,39,0,0.000000,11296314.4,1,true
2023,40,0,0.000000,10017177.5,1,true
2023,40,1,470.000000,8258363.8,1,true
2023,42,0,0.553747,150856190.7,2,true
2023,42,1,90.000000,3317247.3,1,true
2023,44,1,0.000000,11918612.6,1,true
2023,45,1,130.989350,62472502.7,2,true
2023,46,0,0.000000,21736214.6,1,true
2023,47,0,0.000000,12660977.6,1,true
2023,48,1,585.371352,35334580.8,2,true
2023,49,0,0.000000,7732451.0,1,true
2023,49,1,1051.076055,19161862.1,1,true
2023,50,0,0.000000,60300459.1,3,true
2023,51,0,0.000000,2488536.8,1,true
2023,51,1,223.694708,90464171.5,3,true
2023,52,0,42.952050,41261659.3,2,true
2023,52,1,0.000000,19054621.9,1,true
2023,53,0,33.878004,57426667.6,5,true
2023,53,1,42.273743,105217850.0,3,true
2023,54,0,0.422750,70790267.1,6,true
2023,55,0,0.000000,90392068.9,6,true
2023,55,1,219.248088,24509344.9,3,true
2023,56,0,170.034071,89349188.0,5,true
2023,56,1,263.976951,76659558.3,2,true
2023,57,0,83.890578,79746787.3,6,true
2023,57,1,755.000000,11109961.7,1,true
2023,58,0,4.745249,62215320.2,7,true
2023,58,1,0.000000,38714455.9,3,true
2023,59,0,32.147379,125438809.2,6,true
2023,59,1,222.425384,90999421.5,5,true
2023,60,0,50.024215,181308718.6,19,true
2023,60,1,2.074111,81416696.4,5,true
2023,61,0,11.031212,107677376.3,10,true
2023,61,1,119.107246,93258634.0,7,true
2023,62,0,4.756381,66647369.5,8,true
2023,62,1,118.147519,112128713.1,9,true
2023,63,0,128.117053,162250576.4,15,true
2023,63,1,52.190015,119180848.7,7,true
2023,64,0,53.932959,349064930.5,20,true
2023,64,1,149.012374,182638212.9,9,true
2023,65,0,28.998135,353808483.4,35,true
2023,65,1,60.121264,144119529.6,11,true
2023,66,0,72.041607,185062067.6,17,true
2023,66,1,243.117747,76343936.6,6,true
2023,67,0,6.080974,298534500.0,29,true
2023,67,1,18.894366,95583114.4,6,true
2023,68,0,20.969283,303103320.4,28,true
2023,68,1,174.088105,126076101.5,10,true
2023,69,0,19.615250,295613344.9,28,true
2023,69,1,133.676257,151729490.9,12,true
2023,70,0,4.723467,670349577.6,53,true
2023,70,1,160.198888,81103620.0,8,true
2023,71,0,24.554912,361850019.4,35,true
2023,71,1,76.526688,113913134.3,12,true
2023,72,0,24.363396,358673441.6,32,true
2023,72,1,394.371548,52674449.0,6,true
2023,73,0,43.389345,489412258.7,45,true
2023,73,1,141.815887,179736693.8,9,true
2023,74,0,25.639176,286115863.8,33,true
2023,74,1,22.790700,160791956.6,14,true
2023,75,0,22.274236,712722790.6,70,true
2023,75,1,217.877952,223908336.4,18,true
2023,76,0,35.358425,487445114.4,50,true
2023,76,1,154.666558,146467854.3,12,true
2023,77,0,10.133227,312004077.4,28,true
2023,77,1,124.080961,133174316.5,11,true
2023,78,0,10.147563,572077981.6,56,true
2023,78,1,270.970461,195751579.5,14,true
2023,79,0,29.487653,583824382.0,56,true
2023,79,1,234.832641,81092753.3,10,true
2023,80,0,47.170639,3282865892.4,341,true
2023,80,1,147.274251,553885440.2,48,true
2023,85,0,35.166795,4823967338.4,537,true
2023,85,1,205.870458,675092638.5,66,true
2024,18,0,150.000000,51816489.4,1,true
2024,22,0,0.000000,7468725.5,1,true
2024,28,0,75.000000,21120702.6,1,true
2024,29,1,193.000000,32249100.2,1,true
2024,35,0,266.272601,5733875.2,1,true
2024,36,0,0.000000,7645371.0,1,true
2024,39,0,215.000000,14786969.9,1,true
2024,42,1,825.000000,67651882.7,1,true
2024,44,1,0.000000,44038777.8,1,true
2024,45,0,0.000000,22151381.2,1,true
2024,46,1,0.000000,8526574.3,1,true
2024,47,1,0.000000,106039727.4,1,true
2024,48,0,0.000000,17627142.7,1,true
2024,49,0,84.048858,18165313.7,2,true
2024,49,1,0.000000,43762961.7,1,true
2024,50,0,0.000000,58262446.0,5,true
2024,51,0,0.000000,12044718.0,1,true
2024,52,1,127.226618,31701883.1,2,true
2024,53,0,0.000000,19341008.5,2,true
2024,54,0,77.537885,44683010.3,4,true
2024,55,0,48.242332,64220237.7,6,true
2024,56,0,25.196828,105642302.7,6,true
2024,57,0,47.700434,72487486.7,5,true
2024,57,1,0.000000,15353679.9,1,true
2024,58,0,31.948175,78146999.7,4,true
2024,58,1,327.001439,10595140.3,1,true
2024,59,0,21.844512,63646991.0,8,true
2024,60,0,2.029130,144733227.3,15,true
2024,60,1,13.967863,92360169.8,4,true
2024,61,0,42.336627,73178574.7,7,true
2024,61,1,9.680459,71911939.1,3,true
2024,62,0,33.454371,226400125.1,14,true
2024,62,1,181.994849,56325733.2,5,true
2024,63,0,18.731229,98640826.8,11,true
2024,63,1,44.722342,77710887.8,7,true
2024,64,0,60.643655,180838099.7,16,true
2024,64,1,0.000000,125071950.3,4,true
2024,65,0,9.856710,323971463.3,26,true
2024,65,1,382.198663,98453727.5,4,true
2024,66,0,7.759565,241471611.4,20,true
2024,66,1,294.853117,41616485.0,4,true
2024,67,0,119.277594,189758597.4,24,true
2024,67,1,4.580258,272043254.9,7,true
2024,68,0,102.400858,438475582.3,29,true
2024,68,1,194.440348,47037959.8,3,true
2024,69,0,11.877582,489618494.1,39,true
2024,69,1,233.981831,59277314.4,4,true
2024,70,0,14.770909,426014338.3,39,true
2024,70,1,114.670022,323934974.2,15,true
2024,71,0,50.168676,357863356.3,24,true
2024,71,1,391.927126,129651338.9,13,true
2024,72,0,22.563252,326680642.2,34,true
2024,72,1,100.172187,142537221.0,12,true
2024,73,0,46.913873,418568591.9,30,true
2024,73,1,254.404760,264978378.0,14,true
2024,74,0,18.676212,627266224.5,44,true
2024,74,1,164.107802,90449560.0,9,true
2024,75,0,12.322056,707853311.5,63,true
2024,75,1,69.300427,210521822.1,11,true
2024,76,0,8.674950,604044478.4,49,true
2024,76,1,162.572887,162463299.5,13,true
2024,77,0,21.935197,435732591.4,36,true
2024,77,1,78.729854,121058835.4,10,true
2024,78,0,17.471135,753364595.5,56,true
2024,78,1,312.086007,54219898.0,7,true
2024,79,0,19.419699,575686550.0,54,true
2024,79,1,113.707531,79240319.7,6,true
2024,80,0,22.392882,3576326918.3,288,true
2024,80,1,270.937144,519999954.8,45,true
2024,85,0,40.199913,5070832805.6,497,true
2024,85,1,173.656865,810765152.2,62,true
2025,21,1,30.000000,10262653.5,1,true
2025,30,0,0.000000,48317178.3,2,true
2025,35,0,6.360310,70382526.7,2,true
2025,39,1,120.000000,10513651.5,1,true
2025,40,0,0.000000,113876934.4,2,true
2025,42,0,0.000000,25717459.4,1,true
2025,44,0,254.000000,26600787.4,1,true
2025,45,1,90.000000,5230074.1,1,true
2025,46,1,10.000000,5819248.2,1,true
2025,47,0,0.000000,15554804.0,1,true
2025,48,0,168.172169,7462715.4,1,true
2025,50,0,0.000000,267515029.4,4,true
2025,51,0,30.493563,119616026.7,2,true
2025,51,1,780.000000,3096334.1,1,true
2025,52,0,0.000000,120343210.8,1,true
2025,52,1,0.000000,57035624.7,1,true
2025,53,0,0.000000,27286574.0,1,true
2025,54,0,0.000000,51467797.3,3,true
2025,55,0,1.515652,122004393.4,6,true
2025,55,1,695.555060,89360773.1,3,true
2025,56,0,0.000000,123760733.7,2,true
2025,56,1,1.000000,30591300.1,1,true
2025,57,0,0.000000,58654669.3,2,true
2025,57,1,440.000000,7356626.8,1,true
2025,58,0,33.160850,24311692.9,2,true
2025,59,0,1.091178,169464795.1,6,true
2025,59,1,509.033821,116038344.2,5,true
2025,60,0,20.432949,224282518.9,17,true
2025,60,1,27.418488,57465892.1,4,true
2025,61,0,2.318862,252841572.7,16,true
2025,61,1,79.212390,92194971.9,3,true
2025,62,0,8.073311,155283082.3,14,true
2025,63,0,1.091782,96184028.0,8,true
2025,63,1,0.000000,14750401.7,1,true
2025,64,0,21.658417,281545234.9,15,true
2025,64,1,103.702444,83787928.9,4,true
2025,65,0,8.371792,269236317.8,19,true
2025,65,1,572.091504,62146414.0,4,true
2025,66,0,8.657622,126432891.0,12,true
2025,66,1,122.223633,41245491.7,3,true
2025,67,0,46.938483,242722718.7,15,true
2025,67,1,35.565960,43127654.3,3,true
2025,68,0,56.215695,334426154.1,20,true
2025,68,1,101.415828,106929137.4,3,true
2025,69,0,3.141953,255559843.5,19,true
2025,69,1,167.375807,119759206.4,4,true
2025,70,0,5.962457,717256347.8,45,true
2025,70,1,362.107026,88126865.7,9,true
2025,71,0,18.476860,292650072.5,20,true
2025,71,1,56.325374,136824093.0,3,true
2025,72,0,21.245216,422332827.8,26,true
2025,72,1,140.400183,230355193.5,12,true
2025,73,0,26.072219,460065741.2,27,true
2025,73,1,197.342466,159153554.1,8,true
2025,74,0,17.038555,788777154.2,52,true
2025,74,1,305.203709,58658568.1,6,true
2025,75,0,7.411021,949634940.6,57,true
2025,75,1,196.913737,98635491.6,7,true
2025,76,0,22.735114,657483943.6,29,true
2025,76,1,79.010280,108859636.1,8,true
2025,77,0,29.573346,320033506.1,31,true
2025,77,1,146.244710,113246421.0,6,true
2025,78,0,43.728746,1076358724.4,62,true
2025,78,1,279.056943,107237528.6,9,true
2025,79,0,49.562791,698148142.2,44,true
2025,79,1,44.949737,153362975.3,10,true
2025,80,0,24.848971,3744144973.5,254,true
2025,80,1,173.775250,449000018.5,37,true
2025,85,0,29.940529,5221655504.7,379,true
2025,85,1,309.237541,805732102.9,49,true
