year,tier2,mean_minutes_per_day
2003,0101,514.013626
2003,0102,40.076439
2003,0103,4.470210
2003,0104,1.018511
2003,0105,0.000684
2003,0199,0.004871
2003,0201,36.802743
2003,0202,31.937890
2003,0203,5.656912
2003,0204,4.143981
2003,0205,11.831936
2003,0206,4.907530
2003,0207,2.955598
2003,0208,1.043390
2003,0209,11.927266
2003,0299,0.355676
2003,0301,22.442723
2003,0302,2.264977
2003,0303,0.736893
2003,0304,1.567300
2003,0305,1.213285
2003,0399,0.023172
2003,0401,4.952628
2003,0402,0.107705
2003,0403,0.087129
2003,0404,1.679629
2003,0405,4.579681
2003,0499,0.044047
2003,0501,199.806850
2003,0502,0.772117
2003,0503,1.847871
2003,0504,1.623556
2003,0599,0.009143
2003,0601,17.112304
2003,0602,0.467279
2003,0603,8.047011
2003,0604,0.169922
2003,0699,0.176097
2003,0701,24.065559
2003,0702,0.111429
2003,0799,0.010833
2003,0801,0.036642
2003,0802,0.594995
2003,0803,0.033583
2003,0804,3.229954
2003,0805,1.311360
2003,0806,0.302797
2003,0807,0.088033
2003,0899,0.043342
2003,0901,0.106566
2003,0902,0.590567
2003,0903,0.046058
2003,0904,0.009140
2003,0905,0.489422
2003,0999,0.007347
2003,1001,0.128989
2003,1002,0.120643
2003,1003,0.046522
2003,1101,64.960345
2003,1102,0.250079
2003,1199,0.000381
2003,1201,40.577561
2003,1202,6.103078
2003,1203,220.403459
2003,1204,5.852100
2003,1205,0.237267
2003,1299,0.057963
2003,1301,17.351879
2003,1302,2.241290
2003,1303,0.070719
2003,1304,0.000371
2003,1399,0.020776
2003,1401,8.347911
2003,1499,0.065180
2003,1501,2.571092
2003,1502,2.007987
2003,1503,0.560770
2003,1504,0.514341
2003,1505,1.032767
2003,1506,0.121613
2003,1599,1.419316
2003,1601,5.068373
2003,1699,2.204542
2003,1801,0.813530
2003,1802,2.310942
2003,1803,5.195880
2003,1804,5.305274
2003,1805,17.519853
2003,1806,2.180222
2003,1807,14.545904
2003,1808,2.454408
2003,1809,0.532071
2003,1810,0.154019
2003,1811,7.143528
2003,1812,10.879323
2003,1813,2.812811
2003,1814,1.392534
2003,1815,1.036830
2003,1816,0.089566
2003,1818,0.068278
2003,1899,2.829366
2003,5001,8.152540
2003,5099,0.289599
2004,0101,512.771622
2004,0102,40.056640
2004,0103,5.655799
2004,0104,0.529005
2004,0199,0.000577
2004,0201,35.482520
2004,0202,30.940925
2004,0203,6.530104
2004,0204,3.653243
2004,0205,11.796029
2004,0206,4.398499
2004,0207,3.254714
2004,0208,1.220713
2004,0209,12.048684
2004,0299,0.418771
2004,0301,22.786040
2004,0302,2.208367
2004,0303,0.719765
2004,0304,1.914946
2004,0305,1.095867
2004,0399,0.017007
2004,0401,4.756075
2004,0402,0.085685
2004,0403,0.174593
2004,0404,1.673307
2004,0405,4.649342
2004,0499,0.106620
2004,0501,199.781405
2004,0502,0.317433
2004,0503,1.466251
2004,0504,1.176593
2004,0599,0.014136
2004,0601,17.621811
2004,0602,0.192780
2004,0603,8.461954
2004,0604,0.072025
2004,0699,0.195526
2004,0701,24.367423
2004,0702,0.019134
2004,0703,0.002980
2004,0801,0.041060
2004,0802,0.578716
2004,0803,0.050706
2004,0804,2.931947
2004,0805,1.376811
2004,0806,0.246873
2004,0807,0.125800
2004,0899,0.050739
2004,0901,0.101731
2004,0902,0.427379
2004,0903,0.014284
2004,0904,0.023877
2004,0905,0.393477
2004,0999,0.012324
2004,1001,0.111464
2004,1002,0.102765
2004,1003,0.155653
2004,1101,66.716182
2004,1102,0.199569
2004,1199,0.000319
2004,1201,39.389998
2004,1202,5.894426
2004,1203,226.374927
2004,1204,6.335932
2004,1205,0.120663
2004,1299,0.016549
2004,1301,17.523229
2004,1302,1.887499
2004,1303,0.039505
2004,1399,0.020752
2004,1401,7.233086
2004,1499,0.004511
2004,1501,2.457876
2004,1502,2.268339
2004,1503,0.585927
2004,1504,0.466330
2004,1505,1.115293
2004,1506,0.178191
2004,1599,1.632814
2004,1601,4.848824
2004,1699,2.129040
2004,1801,0.886360
2004,1802,2.612109
2004,1803,5.095760
2004,1804,4.974282
2004,1805,16.825118
2004,1806,2.208382
2004,1807,14.774808
2004,1808,2.644559
2004,1809,0.459697
2004,1810,0.199930
2004,1811,7.715446
2004,1812,11.036527
2004,1813,2.573718
2004,1814,1.278017
2004,1815,1.119116
2004,1816,0.170336
2004,1818,0.066732
2004,1899,1.414638
2004,5001,7.124166
2005,0101,517.498592
2005,0102,39.973395
2005,0103,6.258627
2005,0104,0.965000
2005,0105,0.008036
2005,0201,36.676591
2005,0202,30.745519
2005,0203,5.294274
2005,0204,4.276734
2005,0205,12.070815
2005,0206,5.226521
2005,0207,2.629211
2005,0208,1.333160
2005,0209,12.818866
2005,0299,0.082392
2005,0301,22.358209
2005,0302,2.288803
2005,0303,0.701078
2005,0304,1.043062
2005,0305,0.849021
2005,0399,0.002614
2005,0401,4.753042
2005,0402,0.137355
2005,0403,0.065484
2005,0404,0.793902
2005,0405,4.031909
2005,0499,0.031601
2005,0501,201.384135
2005,0502,0.552089
2005,0503,1.370895
2005,0504,1.039041
2005,0599,0.042441
2005,0601,15.439618
2005,0602,0.142259
2005,0603,8.425255
2005,0604,0.121602
2005,0699,0.156005
2005,0701,24.387389
2005,0702,0.056237
2005,0801,0.021706
2005,0802,0.548659
2005,0803,0.052396
2005,0804,2.853404
2005,0805,1.064152
2005,0806,0.324725
2005,0807,0.072201
2005,0899,0.070953
2005,0901,0.224191
2005,0902,0.292170
2005,0903,0.045698
2005,0904,0.023165
2005,0905,0.338838
2005,0999,0.032356
2005,1001,0.239159
2005,1002,0.195626
2005,1003,0.083132
2005,1004,0.000553
2005,1099,0.000195
2005,1101,66.981533
2005,1102,0.167564
2005,1201,39.662602
2005,1202,5.153940
2005,1203,223.027181
2005,1204,5.553102
2005,1205,0.103549
2005,1299,0.029561
2005,1301,17.354081
2005,1302,1.947981
2005,1303,0.047079
2005,1304,0.005856
2005,1399,0.023109
2005,1401,7.526442
2005,1499,0.007324
2005,1501,2.345219
2005,1502,2.030890
2005,1503,0.378932
2005,1504,0.905871
2005,1505,1.054026
2005,1506,0.108618
2005,1599,1.653929
2005,1601,4.079250
2005,1699,2.447463
2005,1801,0.942167
2005,1802,2.570869
2005,1803,5.270945
2005,1804,4.292399
2005,1805,17.477264
2005,1806,1.786694
2005,1807,14.525863
2005,1808,2.216154
2005,1809,0.424944
2005,1810,0.171003
2005,1811,7.468425
2005,1812,12.392792
2005,1813,2.571364
2005,1814,1.250304
2005,1815,1.197845
2005,1816,0.149664
2005,1818,0.027406
2005,1899,0.812192
2005,5001,9.342544
2006,0101,517.619843
2006,0102,39.994294
2006,0103,5.522843
2006,0104,0.554244
2006,0201,36.564253
2006,0202,31.709227
2006,0203,4.855371
2006,0204,3.150894
2006,0205,11.856241
2006,0206,5.179690
2006,0207,2.881766
2006,0208,1.180467
2006,0209,11.821396
2006,0299,0.125756
2006,0301,21.723825
2006,0302,2.155908
2006,0303,0.743658
2006,0304,1.580477
2006,0305,0.723878
2006,0399,0.002536
2006,0401,4.324897
2006,0402,0.124395
2006,0403,0.051952
2006,0404,0.652060
2006,0405,3.831503
2006,0499,0.003058
2006,0501,204.061819
2006,0502,0.352082
2006,0503,1.435834
2006,0504,1.372209
2006,0599,0.003865
2006,0601,18.282971
2006,0602,0.162189
2006,0603,8.744427
2006,0604,0.082840
2006,0699,0.119063
2006,0701,24.203745
2006,0702,0.044974
2006,0703,0.000223
2006,0801,0.042616
2006,0802,0.432650
2006,0803,0.101200
2006,0804,2.933461
2006,0805,1.100936
2006,0806,0.353199
2006,0807,0.117301
2006,0899,0.094721
2006,0901,0.063275
2006,0902,0.549825
2006,0903,0.019991
2006,0904,0.013979
2006,0905,0.432118
2006,0999,0.001350
2006,1001,0.377815
2006,1002,0.210426
2006,1003,0.036633
2006,1099,0.001083
2006,1101,66.596012
2006,1102,0.194127
2006,1201,40.061073
2006,1202,5.207334
2006,1203,220.967975
2006,1204,5.391825
2006,1205,0.089499
2006,1299,0.007976
2006,1301,16.773799
2006,1302,2.072002
2006,1303,0.067262
2006,1399,0.017471
2006,1401,7.235817
2006,1499,0.006222
2006,1501,1.872389
2006,1502,1.618737
2006,1503,0.514747
2006,1504,0.624536
2006,1505,0.962284
2006,1506,0.081159
2006,1599,2.108033
2006,1601,4.832190
2006,1699,2.228134
2006,1801,0.780908
2006,1802,2.413907
2006,1803,4.635559
2006,1804,3.790276
2006,1805,17.603371
2006,1806,1.960762
2006,1807,14.564499
2006,1808,2.429180
2006,1809,0.402612
2006,1810,0.211040
2006,1811,7.236811
2006,1812,12.045369
2006,1813,2.442364
2006,1814,1.391979
2006,1815,1.289632
2006,1816,0.081696
2006,1818,0.100426
2006,1899,1.205572
2006,5001,11.189458
2006,5099,0.010723
2007,0101,514.412627
2007,0102,40.092150
2007,0103,3.949066
2007,0104,0.356599
2007,0105,0.001550
2007,0199,0.001974
2007,0201,38.293321
2007,0202,31.031800
2007,0203,5.056016
2007,0204,3.501139
2007,0205,12.387937
2007,0206,5.650527
2007,0207,2.133943
2007,0208,1.061217
2007,0209,12.993368
2007,0299,0.037565
2007,0301,22.595733
2007,0302,1.922792
2007,0303,0.661455
2007,0304,1.535364
2007,0305,0.554875
2007,0399,0.000712
2007,0401,3.869019
2007,0402,0.090392
2007,0403,0.054918
2007,0404,0.777423
2007,0405,3.408366
2007,0499,0.003934
2007,0501,208.208592
2007,0502,0.402590
2007,0503,1.686426
2007,0504,1.394355
2007,0599,0.003599
2007,0601,15.308843
2007,0602,0.290839
2007,0603,8.134262
2007,0604,0.183941
2007,0699,0.076116
2007,0701,23.618515
2007,0702,0.057511
2007,0801,0.021779
2007,0802,0.541484
2007,0803,0.009627
2007,0804,2.977289
2007,0805,1.278202
2007,0806,0.261001
2007,0807,0.066968
2007,0899,0.084523
2007,0901,0.050980
2007,0902,0.313422
2007,0903,0.014107
2007,0904,0.112857
2007,0905,0.359807
2007,0999,0.018045
2007,1001,0.253290
2007,1002,0.073054
2007,1003,0.008139
2007,1101,66.619202
2007,1102,0.142078
2007,1201,38.212221
2007,1202,5.383095
2007,1203,222.051499
2007,1204,5.584318
2007,1205,0.030341
2007,1299,0.086560
2007,1301,18.974766
2007,1302,1.820137
2007,1303,0.011328
2007,1399,0.012511
2007,1401,8.848327
2007,1499,0.008299
2007,1501,1.817299
2007,1502,2.402810
2007,1503,0.545664
2007,1504,0.640663
2007,1505,1.260495
2007,1506,0.047639
2007,1599,2.700898
2007,1601,4.357005
2007,1699,2.112723
2007,1801,0.989428
2007,1802,2.838874
2007,1803,4.631050
2007,1804,3.775293
2007,1805,16.907168
2007,1806,1.588305
2007,1807,14.310573
2007,1808,2.110541
2007,1809,0.362035
2007,1810,0.158546
2007,1811,7.371593
2007,1812,11.726267
2007,1813,2.686230
2007,1814,1.294400
2007,1815,1.376637
2007,1816,0.128808
2007,1818,0.047897
2007,1899,1.332137
2007,5001,10.448395
2008,0101,516.131983
2008,0102,40.409313
2008,0103,5.265520
2008,0104,0.889234
2008,0105,0.004555
2008,0199,0.006262
2008,0201,34.824349
2008,0202,31.366432
2008,0203,4.023028
2008,0204,3.362552
2008,0205,11.288180
2008,0206,5.508371
2008,0207,2.385311
2008,0208,0.764521
2008,0209,12.541010
2008,0299,0.117607
2008,0301,22.145086
2008,0302,2.134696
2008,0303,0.653109
2008,0304,1.321375
2008,0305,0.746230
2008,0399,0.013690
2008,0401,5.151196
2008,0402,0.080263
2008,0403,0.096889
2008,0404,0.680367
2008,0405,3.756914
2008,0499,0.007478
2008,0501,202.534932
2008,0502,0.618995
2008,0503,1.941824
2008,0504,2.131289
2008,0601,16.209182
2008,0602,0.283538
2008,0603,9.550297
2008,0604,0.216308
2008,0699,0.091955
2008,0701,22.795564
2008,0702,0.102909
2008,0801,0.032281
2008,0802,0.464444
2008,0803,0.056084
2008,0804,2.921435
2008,0805,1.118356
2008,0806,0.216092
2008,0807,0.059145
2008,0899,0.053868
2008,0901,0.061434
2008,0902,0.271657
2008,0903,0.027816
2008,0904,0.049901
2008,0905,0.386434
2008,0999,0.022267
2008,1001,0.129702
2008,1002,0.230666
2008,1003,0.063898
2008,1004,0.001531
2008,1101,66.469309
2008,1102,0.135408
2008,1201,38.174177
2008,1202,4.421509
2008,1203,229.568987
2008,1204,5.107610
2008,1205,0.107564
2008,1299,0.005947
2008,1301,17.688879
2008,1302,2.188733
2008,1303,0.049807
2008,1304,0.001805
2008,1399,0.000481
2008,1401,8.557699
2008,1499,0.006517
2008,1501,2.216405
2008,1502,2.151399
2008,1503,0.715615
2008,1504,0.563644
2008,1505,0.838941
2008,1506,0.198463
2008,1599,2.134143
2008,1601,5.685483
2008,1699,1.996529
2008,1801,0.787228
2008,1802,2.314471
2008,1803,4.928996
2008,1804,3.782973
2008,1805,16.621093
2008,1806,1.926913
2008,1807,14.375436
2008,1808,2.246198
2008,1809,0.411703
2008,1810,0.234001
2008,1811,7.092569
2008,1812,10.736964
2008,1813,2.643126
2008,1814,1.255863
2008,1815,1.072866
2008,1816,0.082458
2008,1818,0.061453
2008,1899,1.286557
2008,5001,10.829924
2008,5099,0.004831
2009,0101,520.340290
2009,0102,40.173545
2009,0103,4.761893
2009,0104,0.663055
2009,0105,0.001035
2009,0201,35.934334
2009,0202,32.343457
2009,0203,4.712849
2009,0204,3.350895
2009,0205,11.877022
2009,0206,5.540123
2009,0207,2.239779
2009,0208,1.066932
2009,0209,12.734072
2009,0299,0.045300
2009,0301,23.005734
2009,0302,2.057150
2009,0303,0.668461
2009,0304,1.161253
2009,0305,0.810451
2009,0399,0.010799
2009,0401,3.974529
2009,0402,0.157973
2009,0403,0.121386
2009,0404,0.553940
2009,0405,3.739020
2009,0499,0.001371
2009,0501,190.571715
2009,0502,0.334521
2009,0503,1.794017
2009,0504,2.575216
2009,0599,0.009089
2009,0601,15.748370
2009,0602,0.453322
2009,0603,9.554277
2009,0604,0.152552
2009,0699,0.202721
2009,0701,22.555453
2009,0702,0.141149
2009,0801,0.025493
2009,0802,0.622406
2009,0803,0.021507
2009,0804,3.263612
2009,0805,0.884395
2009,0806,0.179026
2009,0807,0.114616
2009,0899,0.039805
2009,0901,0.068220
2009,0902,0.283342
2009,0903,0.022552
2009,0904,0.024562
2009,0905,0.405828
2009,0999,0.025980
2009,1001,0.279519
2009,1002,0.048234
2009,1003,0.042713
2009,1004,0.000560
2009,1099,0.011338
2009,1101,66.307533
2009,1102,0.200226
2009,1201,37.502859
2009,1202,4.310250
2009,1203,234.685785
2009,1204,4.779007
2009,1205,0.075289
2009,1299,0.013590
2009,1301,18.506546
2009,1302,1.496247
2009,1303,0.029762
2009,1399,0.001517
2009,1401,8.717393
2009,1499,0.001416
2009,1501,2.685802
2009,1502,2.225174
2009,1503,0.437045
2009,1504,0.489097
2009,1505,1.131102
2009,1506,0.116664
2009,1599,1.969422
2009,1601,5.316033
2009,1699,1.523133
2009,1801,0.967777
2009,1802,2.798438
2009,1803,4.553490
2009,1804,3.936407
2009,1805,16.555534
2009,1806,1.781672
2009,1807,14.012402
2009,1808,2.056555
2009,1809,0.389323
2009,1810,0.161237
2009,1811,6.924195
2009,1812,10.943095
2009,1813,2.609273
2009,1814,1.213736
2009,1815,1.198853
2009,1816,0.261458
2009,1818,0.052865
2009,1899,1.533552
2009,5001,13.026490
2010,0101,519.926454
2010,0102,41.119352
2010,0103,5.461890
2010,0104,0.763617
2010,0105,0.002846
2010,0199,0.000458
2010,0201,34.418071
2010,0202,33.557620
2010,0203,3.975044
2010,0204,3.384489
2010,0205,12.701559
2010,0206,5.703318
2010,0207,2.574519
2010,0208,1.322496
2010,0209,11.526434
2010,0299,0.018531
2010,0301,21.674673
2010,0302,2.092629
2010,0303,0.496426
2010,0304,0.889498
2010,0305,0.706833
2010,0399,0.028559
2010,0401,3.937717
2010,0402,0.159232
2010,0403,0.062839
2010,0404,0.611974
2010,0405,4.234081
2010,0501,188.240591
2010,0502,0.292749
2010,0503,2.001385
2010,0504,2.779334
2010,0601,16.662549
2010,0602,0.268955
2010,0603,9.534654
2010,0604,0.148896
2010,0699,0.096778
2010,0701,22.288315
2010,0702,0.073425
2010,0801,0.024606
2010,0802,0.414091
2010,0803,0.073472
2010,0804,2.956393
2010,0805,0.953246
2010,0806,0.200075
2010,0807,0.107513
2010,0899,0.067439
2010,0901,0.030400
2010,0902,0.387330
2010,0903,0.010526
2010,0904,0.020551
2010,0905,0.462206
2010,0999,0.001350
2010,1001,0.261810
2010,1002,0.147092
2010,1003,0.121600
2010,1004,0.001810
2010,1099,0.005096
2010,1101,67.543619
2010,1102,0.171397
2010,1201,37.626239
2010,1202,4.632907
2010,1203,230.366521
2010,1204,4.915525
2010,1205,0.063416
2010,1299,0.019001
2010,1301,18.335682
2010,1302,1.657724
2010,1303,0.037606
2010,1399,0.006211
2010,1401,9.329950
2010,1499,0.008782
2010,1501,2.198380
2010,1502,2.454075
2010,1503,0.670251
2010,1504,0.547008
2010,1505,1.068845
2010,1506,0.043744
2010,1599,2.044485
2010,1601,4.868269
2010,1699,1.401360
2010,1801,0.936573
2010,1802,2.611184
2010,1803,4.656237
2010,1804,3.749996
2010,1805,16.539851
2010,1806,1.722226
2010,1807,13.727682
2010,1808,2.018618
2010,1809,0.385008
2010,1810,0.139900
2010,1811,7.008160
2010,1812,10.540909
2010,1813,2.638463
2010,1814,1.238205
2010,1815,1.087365
2010,1816,0.152798
2010,1818,0.070777
2010,1899,2.254716
2010,5001,18.524938
2011,0101,522.859598
2011,0102,41.504307
2011,0103,3.696056
2011,0104,0.339598
2011,0105,0.004876
2011,0201,34.716514
2011,0202,33.382987
2011,0203,3.680322
2011,0204,3.796043
2011,0205,11.564619
2011,0206,5.364454
2011,0207,2.600797
2011,0208,1.055346
2011,0209,10.747095
2011,0299,0.098690
2011,0301,20.686792
2011,0302,2.400947
2011,0303,0.552682
2011,0304,1.229958
2011,0305,0.761578
2011,0399,0.001819
2011,0401,4.263070
2011,0402,0.087850
2011,0403,0.167597
2011,0404,0.591668
2011,0405,3.687187
2011,0499,0.001357
2011,0501,192.262478
2011,0502,0.313893
2011,0503,2.468141
2011,0504,2.426761
2011,0599,0.014703
2011,0601,16.535447
2011,0602,0.304263
2011,0603,9.013351
2011,0604,0.250347
2011,0699,0.243221
2011,0701,22.175277
2011,0702,0.045588
2011,0801,0.041568
2011,0802,0.374728
2011,0803,0.027624
2011,0804,2.517209
2011,0805,1.090257
2011,0806,0.209779
2011,0807,0.106485
2011,0899,0.029996
2011,0901,0.041959
2011,0902,0.181281
2011,0903,0.020375
2011,0904,0.044360
2011,0905,0.388043
2011,0999,0.085558
2011,1001,0.185267
2011,1002,0.145580
2011,1003,0.020209
2011,1004,0.000116
2011,1101,67.324680
2011,1102,0.172369
2011,1201,36.791422
2011,1202,5.210267
2011,1203,232.160195
2011,1204,4.886858
2011,1205,0.041701
2011,1301,18.271664
2011,1302,1.952872
2011,1303,0.029410
2011,1399,0.004212
2011,1401,9.293822
2011,1499,0.004007
2011,1501,2.411985
2011,1502,2.050338
2011,1503,0.572178
2011,1504,0.672339
2011,1505,0.949372
2011,1506,0.188365
2011,1599,2.059601
2011,1601,4.778914
2011,1699,1.042375
2011,1801,1.135975
2011,1802,2.817155
2011,1803,4.792049
2011,1804,3.633286
2011,1805,16.647332
2011,1806,2.064628
2011,1807,13.455850
2011,1808,1.885264
2011,1809,0.364368
2011,1810,0.248050
2011,1811,6.860872
2011,1812,10.735638
2011,1813,2.554394
2011,1814,1.413699
2011,1815,1.377309
2011,1816,0.141584
2011,1818,0.272326
2011,1899,2.097074
2011,5001,15.226215
2011,5099,0.000313
2012,0101,523.831405
2012,0102,40.067227
2012,0103,3.962845
2012,0104,0.319817
2012,0201,35.993866
2012,0202,31.601020
2012,0203,3.450659
2012,0204,3.306241
2012,0205,10.960116
2012,0206,5.910113
2012,0207,2.121252
2012,0208,0.827294
2012,0209,10.588944
2012,0299,0.082790
2012,0301,21.300516
2012,0302,2.314330
2012,0303,0.609683
2012,0304,1.287403
2012,0305,0.622127
2012,0399,0.004390
2012,0401,3.588073
2012,0402,0.096327
2012,0403,0.105530
2012,0404,0.494271
2012,0405,2.990730
2012,0499,0.003262
2012,0501,191.346973
2012,0502,0.260298
2012,0503,1.509860
2012,0504,2.323247
2012,0601,16.744890
2012,0602,0.142312
2012,0603,10.166921
2012,0604,0.236531
2012,0699,0.424718
2012,0701,21.151803
2012,0702,0.066478
2012,0799,0.000659
2012,0801,0.018062
2012,0802,0.467365
2012,0803,0.036500
2012,0804,3.081615
2012,0805,0.878913
2012,0806,0.158339
2012,0807,0.111757
2012,0899,0.093893
2012,0901,0.058810
2012,0902,0.159021
2012,0903,0.040850
2012,0904,0.023333
2012,0905,0.451577
2012,0999,0.012460
2012,1001,0.302522
2012,1002,0.169267
2012,1003,0.071966
2012,1101,67.462779
2012,1102,0.142638
2012,1201,39.107790
2012,1202,5.500523
2012,1203,237.793807
2012,1204,4.885932
2012,1205,0.053331
2012,1301,19.283266
2012,1302,1.515448
2012,1303,0.036200
2012,1399,0.011317
2012,1401,8.969125
2012,1501,2.242395
2012,1502,1.769351
2012,1503,0.376378
2012,1504,0.617257
2012,1505,1.070953
2012,1506,0.099760
2012,1599,1.376585
2012,1601,4.820979
2012,1699,1.405914
2012,1801,1.013247
2012,1802,2.571129
2012,1803,4.528834
2012,1804,3.554870
2012,1805,16.628015
2012,1806,2.173182
2012,1807,13.587093
2012,1808,1.922353
2012,1809,0.385404
2012,1810,0.229890
2012,1811,7.220035
2012,1812,10.975257
2012,1813,2.786042
2012,1814,1.509284
2012,1815,1.002260
2012,1816,0.107416
2012,1818,0.056617
2012,1899,1.893532
2012,5001,12.362641
2013,0101,524.290592
2013,0102,41.789461
2013,0103,5.348379
2013,0104,0.289887
2013,0201,34.409656
2013,0202,34.354298
2013,0203,3.884429
2013,0204,3.057208
2013,0205,11.043384
2013,0206,6.078051
2013,0207,2.402798
2013,0208,1.058439
2013,0209,10.615684
2013,0299,0.048685
2013,0301,21.525236
2013,0302,2.494761
2013,0303,0.524256
2013,0304,1.327046
2013,0305,0.792386
2013,0399,0.007094
2013,0401,4.386959
2013,0402,0.096623
2013,0403,0.055599
2013,0404,0.552353
2013,0405,3.218500
2013,0501,188.293997
2013,0502,0.393277
2013,0503,1.181770
2013,0504,2.241391
2013,0599,0.000383
2013,0601,15.433416
2013,0602,0.337734
2013,0603,10.790730
2013,0604,0.213965
2013,0699,0.135856
2013,0701,22.038582
2013,0702,0.088982
2013,0801,0.012240
2013,0802,0.305774
2013,0803,0.012461
2013,0804,3.156843
2013,0805,0.902652
2013,0806,0.327375
2013,0807,0.149418
2013,0899,0.039153
2013,0901,0.026123
2013,0902,0.265707
2013,0903,0.032483
2013,0904,0.031245
2013,0905,0.370323
2013,0999,0.031641
2013,1001,0.361906
2013,1002,0.086806
2013,1003,0.053587
2013,1004,0.000270
2013,1099,0.001509
2013,1101,66.694389
2013,1102,0.184797
2013,1201,39.000540
2013,1202,4.100430
2013,1203,234.453793
2013,1204,5.019930
2013,1205,0.032219
2013,1299,0.006333
2013,1301,17.837250
2013,1302,1.576730
2013,1303,0.021647
2013,1399,0.014003
2013,1401,8.659106
2013,1499,0.019741
2013,1501,2.055195
2013,1502,2.569916
2013,1503,0.314083
2013,1504,0.870794
2013,1505,0.976368
2013,1506,0.071884
2013,1599,1.556200
2013,1601,4.346034
2013,1699,1.478161
2013,1801,0.805010
2013,1802,2.581557
2013,1803,5.129419
2013,1804,3.302113
2013,1805,15.732675
2013,1806,1.658088
2013,1807,13.928414
2013,1808,2.181254
2013,1809,0.298705
2013,1810,0.202116
2013,1811,6.765840
2013,1812,10.603446
2013,1813,2.894056
2013,1814,1.192697
2013,1815,1.005130
2013,1816,0.230978
2013,1818,0.067293
2013,1899,2.210884
2013,5001,16.381421
2014,0101,527.794831
2014,0102,41.052941
2014,0103,4.636763
2014,0104,0.302822
2014,0105,0.000823
2014,0199,0.004295
2014,0201,33.217711
2014,0202,35.167189
2014,0203,3.913522
2014,0204,3.208254
2014,0205,11.201059
2014,0206,6.441661
2014,0207,2.899832
2014,0208,0.910443
2014,0209,9.570423
2014,0299,0.020760
2014,0301,21.529543
2014,0302,2.313165
2014,0303,0.803404
2014,0304,1.885224
2014,0305,0.736837
2014,0399,0.002741
2014,0401,4.060347
2014,0402,0.113262
2014,0403,0.052904
2014,0404,0.748405
2014,0405,3.004646
2014,0499,0.000366
2014,0501,195.101448
2014,0502,0.452569
2014,0503,1.377660
2014,0504,2.281377
2014,0599,0.016114
2014,0601,14.078389
2014,0602,0.200192
2014,0603,9.053738
2014,0604,0.121207
2014,0699,0.152949
2014,0701,21.495064
2014,0702,0.023452
2014,0799,0.000902
2014,0801,0.015480
2014,0802,0.404325
2014,0803,0.022616
2014,0804,3.574361
2014,0805,1.063803
2014,0806,0.181891
2014,0807,0.102356
2014,0899,0.024979
2014,0901,0.025970
2014,0902,0.257317
2014,0903,0.016957
2014,0904,0.005751
2014,0905,0.555657
2014,0999,0.021116
2014,1001,0.142635
2014,1002,0.226652
2014,1003,0.147778
2014,1099,0.030595
2014,1101,64.307371
2014,1102,0.178592
2014,1201,38.468395
2014,1202,4.078124
2014,1203,238.084841
2014,1204,5.213393
2014,1205,0.081234
2014,1299,0.000388
2014,1301,17.531778
2014,1302,1.954232
2014,1303,0.067715
2014,1399,0.027458
2014,1401,8.578996
2014,1499,0.004107
2014,1501,2.161693
2014,1502,2.186294
2014,1503,0.298303
2014,1504,0.618914
2014,1505,1.180988
2014,1506,0.035696
2014,1599,1.646713
2014,1601,4.558608
2014,1699,1.302557
2014,1801,1.014032
2014,1802,2.288108
2014,1803,5.047501
2014,1804,2.952969
2014,1805,16.456802
2014,1806,1.776112
2014,1807,13.283889
2014,1808,2.270650
2014,1809,0.409855
2014,1810,0.200388
2014,1811,5.922183
2014,1812,9.654291
2014,1813,3.076716
2014,1814,1.352805
2014,1815,1.059410
2014,1816,0.158263
2014,1818,0.017390
2014,1899,1.542793
2014,5001,12.179981
2015,0101,530.047182
2015,0102,41.263995
2015,0103,5.866725
2015,0104,0.435315
2015,0201,34.302642
2015,0202,35.943592
2015,0203,3.811033
2015,0204,3.722561
2015,0205,11.818127
2015,0206,6.624430
2015,0207,2.240423
2015,0208,1.088157
2015,0209,11.265661
2015,0299,0.120939
2015,0301,20.970068
2015,0302,2.199933
2015,0303,0.583266
2015,0304,1.418063
2015,0305,0.687041
2015,0401,3.654966
2015,0402,0.075802
2015,0403,0.036660
2015,0404,0.799935
2015,0405,3.276076
2015,0499,0.001869
2015,0501,191.325852
2015,0502,0.354374
2015,0503,1.660202
2015,0504,1.861150
2015,0599,0.026710
2015,0601,14.716758
2015,0602,0.379009
2015,0603,10.248679
2015,0604,0.284289
2015,0699,0.194883
2015,0701,21.676223
2015,0702,0.048929
2015,0801,0.048625
2015,0802,0.404605
2015,0803,0.053396
2015,0804,3.035018
2015,0805,1.127425
2015,0806,0.177549
2015,0807,0.083571
2015,0899,0.027345
2015,0901,0.072762
2015,0902,0.331019
2015,0903,0.054802
2015,0904,0.012843
2015,0905,0.479978
2015,0999,0.006446
2015,1001,0.127057
2015,1002,0.105470
2015,1003,0.098194
2015,1004,0.001657
2015,1101,64.033423
2015,1102,0.187369
2015,1201,36.713359
2015,1202,3.993008
2015,1203,234.791134
2015,1204,4.934874
2015,1205,0.037129
2015,1301,18.290316
2015,1302,1.075985
2015,1303,0.040581
2015,1399,0.013627
2015,1401,8.962052
2015,1499,0.000278
2015,1501,2.743762
2015,1502,2.337886
2015,1503,0.600516
2015,1504,0.612684
2015,1505,1.099229
2015,1506,0.021869
2015,1599,1.140941
2015,1601,4.810676
2015,1699,1.378004
2015,1801,1.038044
2015,1802,2.727867
2015,1803,4.947619
2015,1804,3.388712
2015,1805,16.296075
2015,1806,1.948229
2015,1807,14.270004
2015,1808,2.172050
2015,1809,0.440343
2015,1810,0.126675
2015,1811,6.761209
2015,1812,9.796519
2015,1813,2.848928
2015,1814,1.280334
2015,1815,0.995079
2015,1816,0.186922
2015,1818,0.059500
2015,1899,1.484953
2015,5001,10.132961
2016,0101,527.199766
2016,0102,41.509590
2016,0103,3.740956
2016,0104,0.556251
2016,0201,34.467141
2016,0202,35.364541
2016,0203,3.408635
2016,0204,2.937216
2016,0205,11.454289
2016,0206,7.249900
2016,0207,2.106238
2016,0208,1.009327
2016,0209,11.335659
2016,0299,0.390945
2016,0301,21.314323
2016,0302,2.223365
2016,0303,0.495556
2016,0304,1.617536
2016,0305,0.747625
2016,0399,0.049046
2016,0401,4.265780
2016,0402,0.071713
2016,0403,0.038350
2016,0404,0.571192
2016,0405,3.781342
2016,0499,0.073929
2016,0501,196.869357
2016,0502,0.098806
2016,0503,1.356430
2016,0504,1.803029
2016,0601,16.434609
2016,0602,0.155275
2016,0603,10.723469
2016,0604,0.137569
2016,0699,0.142547
2016,0701,21.474809
2016,0702,0.069324
2016,0799,0.008361
2016,0801,0.025921
2016,0802,0.353228
2016,0803,0.041755
2016,0804,3.136385
2016,0805,0.945046
2016,0806,0.498569
2016,0807,0.123861
2016,0808,0.000306
2016,0899,0.075214
2016,0901,0.051315
2016,0902,0.613067
2016,0903,0.038688
2016,0904,0.015933
2016,0905,0.403693
2016,0999,0.018900
2016,1001,0.169914
2016,1002,0.420259
2016,1003,0.106448
2016,1099,0.001542
2016,1101,63.519767
2016,1102,0.260645
2016,1201,35.297549
2016,1202,3.924014
2016,1203,230.877226
2016,1204,4.084322
2016,1205,0.083201
2016,1301,19.039259
2016,1302,1.540304
2016,1303,0.063720
2016,1399,0.090705
2016,1401,9.292815
2016,1499,0.253436
2016,1501,2.016331
2016,1502,1.873504
2016,1503,0.521013
2016,1504,0.640736
2016,1505,0.553354
2016,1506,0.081749
2016,1599,1.388723
2016,1601,4.559370
2016,1699,1.629218
2016,1801,1.564104
2016,1802,2.741620
2016,1803,4.889371
2016,1804,3.892929
2016,1805,16.429790
2016,1806,1.855151
2016,1807,14.762194
2016,1808,2.167213
2016,1809,0.454021
2016,1810,0.196184
2016,1811,6.511181
2016,1812,9.719222
2016,1813,2.918683
2016,1814,1.319384
2016,1815,0.903910
2016,1816,0.332200
2016,1818,0.080593
2016,1899,2.102951
2016,5001,11.274501
2017,0101,528.178155
2017,0102,40.691359
2017,0103,4.746183
2017,0104,0.646512
2017,0105,0.003548
2017,0201,33.128899
2017,0202,36.133102
2017,0203,3.450897
2017,0204,3.494219
2017,0205,10.658352
2017,0206,7.670989
2017,0207,2.426586
2017,0208,0.906845
2017,0209,10.386181
2017,0299,0.355702
2017,0301,21.439336
2017,0302,1.812043
2017,0303,0.714372
2017,0304,1.903063
2017,0305,0.773925
2017,0401,3.301726
2017,0402,0.114292
2017,0403,0.004857
2017,0404,0.847654
2017,0405,3.407551
2017,0499,0.022197
2017,0501,193.959769
2017,0502,0.124891
2017,0503,1.673292
2017,0504,1.968298
2017,0599,0.001669
2017,0601,15.442315
2017,0602,0.242299
2017,0603,10.664817
2017,0604,0.419576
2017,0699,0.413270
2017,0701,20.755103
2017,0702,0.073260
2017,0801,0.017002
2017,0802,0.373321
2017,0803,0.073811
2017,0804,3.164088
2017,0805,0.919776
2017,0806,0.150315
2017,0807,0.134966
2017,0899,0.054745
2017,0901,0.036001
2017,0902,0.282421
2017,0903,0.020332
2017,0904,0.040589
2017,0905,0.479877
2017,0999,0.001032
2017,1001,0.141405
2017,1002,0.075073
2017,1003,0.019643
2017,1099,0.018252
2017,1101,63.702458
2017,1102,0.264533
2017,1201,34.021698
2017,1202,5.227872
2017,1203,238.343246
2017,1204,5.145842
2017,1205,0.095164
2017,1299,0.021943
2017,1301,17.019302
2017,1302,1.814263
2017,1303,0.162617
2017,1304,0.000240
2017,1399,0.007994
2017,1401,8.015660
2017,1499,0.068732
2017,1501,2.265027
2017,1502,2.562193
2017,1503,0.353099
2017,1504,0.887907
2017,1505,0.801618
2017,1506,0.093688
2017,1599,2.185596
2017,1601,4.845917
2017,1699,1.195455
2017,1801,0.986134
2017,1802,2.742586
2017,1803,4.805632
2017,1804,3.318783
2017,1805,17.388205
2017,1806,1.913122
2017,1807,13.792239
2017,1808,2.134774
2017,1809,0.440223
2017,1810,0.119126
2017,1811,6.711277
2017,1812,9.725285
2017,1813,3.000884
2017,1814,1.186257
2017,1815,1.168139
2017,1816,0.210900
2017,1818,0.075692
2017,1899,1.782422
2017,5001,10.436508
2018,0101,528.957298
2018,0102,40.419943
2018,0103,3.530705
2018,0104,0.441670
2018,0105,0.007256
2018,0201,32.751025
2018,0202,35.363662
2018,0203,3.582250
2018,0204,2.809483
2018,0205,10.687204
2018,0206,7.297305
2018,0207,2.040423
2018,0208,0.888624
2018,0209,10.925464
2018,0299,0.254061
2018,0301,20.795583
2018,0302,1.830143
2018,0303,0.513953
2018,0304,1.687313
2018,0305,1.115401
2018,0399,0.010555
2018,0401,5.167830
2018,0402,0.179694
2018,0403,0.022209
2018,0404,0.764390
2018,0405,3.572522
2018,0499,0.012386
2018,0501,193.938709
2018,0502,0.158649
2018,0503,1.456034
2018,0504,1.681230
2018,0601,14.940215
2018,0602,0.160766
2018,0603,10.491346
2018,0604,0.217964
2018,0699,0.178733
2018,0701,20.004396
2018,0702,0.074805
2018,0703,0.010642
2018,0801,0.010084
2018,0802,0.516352
2018,0803,0.051953
2018,0804,3.524784
2018,0805,1.015651
2018,0806,0.280347
2018,0807,0.111517
2018,0899,0.035382
2018,0901,0.057483
2018,0902,0.474260
2018,0903,0.018435
2018,0904,0.041515
2018,0905,0.404426
2018,0999,0.015869
2018,1001,0.148454
2018,1002,0.198635
2018,1003,0.033534
2018,1004,0.000406
2018,1101,64.133388
2018,1102,0.387918
2018,1199,0.000457
2018,1201,34.877544
2018,1202,3.516468
2018,1203,241.308548
2018,1204,5.919356
2018,1205,0.048330
2018,1301,17.260895
2018,1302,1.426289
2018,1303,0.036825
2018,1304,0.000602
2018,1399,0.024957
2018,1401,8.341456
2018,1499,0.071073
2018,1501,1.681576
2018,1502,2.624154
2018,1503,0.348715
2018,1504,0.586077
2018,1505,0.800099
2018,1506,0.041295
2018,1599,1.361042
2018,1601,4.666268
2018,1699,1.353234
2018,1801,1.144588
2018,1802,2.669459
2018,1803,4.858573
2018,1804,3.168617
2018,1805,16.994273
2018,1806,1.576821
2018,1807,13.755800
2018,1808,2.217851
2018,1809,0.418938
2018,1810,0.114134
2018,1811,6.820318
2018,1812,8.767431
2018,1813,2.821848
2018,1814,1.186163
2018,1815,0.975929
2018,1816,0.192994
2018,1818,0.140041
2018,1899,3.436844
2018,5001,12.041884
2019,0101,530.432693
2019,0102,40.927639
2019,0103,4.569801
2019,0104,0.385780
2019,0105,0.000225
2019,0199,0.000028
2019,0201,31.892820
2019,0202,35.901770
2019,0203,3.711813
2019,0204,2.937986
2019,0205,10.460775
2019,0206,7.276226
2019,0207,2.152187
2019,0208,0.836496
2019,0209,11.627595
2019,0299,0.082628
2019,0301,19.487434
2019,0302,1.706388
2019,0303,0.763084
2019,0304,1.709773
2019,0305,0.842338
2019,0401,3.958879
2019,0402,0.136121
2019,0403,0.035172
2019,0404,0.804697
2019,0405,3.054904
2019,0499,0.007027
2019,0501,195.808129
2019,0502,0.042313
2019,0503,2.231944
2019,0504,1.923816
2019,0599,0.032293
2019,0601,14.141284
2019,0602,0.233608
2019,0603,11.453191
2019,0604,0.134879
2019,0699,0.071008
2019,0701,20.977350
2019,0702,0.039456
2019,0703,0.000184
2019,0801,0.016155
2019,0802,0.352498
2019,0803,0.071979
2019,0804,3.316176
2019,0805,1.240394
2019,0806,0.174367
2019,0807,0.147181
2019,0899,0.026259
2019,0901,0.085546
2019,0902,0.319119
2019,0903,0.029650
2019,0904,0.018067
2019,0905,0.377038
2019,0999,0.039352
2019,1001,0.181442
2019,1002,0.059430
2019,1003,0.037671
2019,1101,63.490449
2019,1102,0.352312
2019,1201,34.608069
2019,1202,3.627017
2019,1203,235.234705
2019,1204,4.552543
2019,1205,0.101199
2019,1299,0.059522
2019,1301,18.421478
2019,1302,1.578317
2019,1303,0.079684
2019,1304,0.000596
2019,1399,0.026902
2019,1401,8.127272
2019,1499,0.026900
2019,1501,1.874367
2019,1502,2.232512
2019,1503,0.385877
2019,1504,0.648303
2019,1505,0.983817
2019,1506,0.040282
2019,1599,1.377992
2019,1601,5.249411
2019,1699,1.377518
2019,1801,1.089871
2019,1802,2.899890
2019,1803,4.721217
2019,1804,3.238089
2019,1805,16.735872
2019,1806,1.513083
2019,1807,14.585592
2019,1808,2.239519
2019,1809,0.340532
2019,1810,0.149753
2019,1811,7.021475
2019,1812,9.481132
2019,1813,3.374178
2019,1814,1.203399
2019,1815,1.031866
2019,1816,0.120793
2019,1818,0.219132
2019,1899,2.778506
2019,5001,13.515000
2020,0101,539.714365
2020,0102,37.369504
2020,0103,3.318584
2020,0104,0.726951
2020,0199,0.005219
2020,0201,35.295893
2020,0202,39.265660
2020,0203,5.207617
2020,0204,3.410999
2020,0205,13.097243
2020,0206,7.369322
2020,0207,2.363393
2020,0208,1.336753
2020,0209,10.927108
2020,0299,0.170875
2020,0301,19.642736
2020,0302,3.791767
2020,0303,0.352591
2020,0304,1.290586
2020,0305,0.804296
2020,0399,0.000631
2020,0401,3.575450
2020,0402,0.229914
2020,0403,0.001826
2020,0404,0.719705
2020,0405,3.332788
2020,0499,0.024831
2020,0501,183.573676
2020,0502,0.082253
2020,0503,1.662380
2020,0504,1.568117
2020,0601,12.307474
2020,0602,0.205833
2020,0603,11.967853
2020,0604,0.215348
2020,0699,0.151798
2020,0701,17.321701
2020,0702,0.053482
2020,0801,0.027778
2020,0802,0.265878
2020,0803,0.008788
2020,0804,3.767953
2020,0805,1.098195
2020,0806,0.317642
2020,0807,0.137254
2020,0808,0.000352
2020,0899,0.012095
2020,0901,0.076632
2020,0902,0.370559
2020,0903,0.003541
2020,0904,0.038158
2020,0905,0.339370
2020,0999,0.002008
2020,1001,0.116388
2020,1002,0.050425
2020,1003,0.013580
2020,1101,62.956156
2020,1102,0.218199
2020,1201,30.408046
2020,1202,2.266538
2020,1203,268.157915
2020,1204,2.277653
2020,1205,0.055821
2020,1299,0.002494
2020,1301,20.273404
2020,1302,0.644005
2020,1303,0.037950
2020,1399,0.002011
2020,1401,6.056143
2020,1499,0.031946
2020,1501,1.740313
2020,1502,1.202247
2020,1503,0.188892
2020,1504,0.323812
2020,1505,0.771019
2020,1506,0.080412
2020,1599,1.120587
2020,1601,7.406338
2020,1699,1.656724
2020,1801,0.977612
2020,1802,2.144766
2020,1803,3.019673
2020,1804,2.161136
2020,1805,12.097830
2020,1806,0.765235
2020,1807,12.277220
2020,1808,2.070278
2020,1809,0.435343
2020,1810,0.074615
2020,1811,4.238771
2020,1812,5.799835
2020,1813,2.217002
2020,1814,0.584921
2020,1815,0.520939
2020,1816,0.121017
2020,1818,0.044013
2020,1899,1.514839
2020,5001,11.953212
2021,0101,537.080631
2021,0102,39.093654
2021,0103,4.514342
2021,0104,0.503032
2021,0105,0.000976
2021,0201,34.577694
2021,0202,38.687274
2021,0203,4.191753
2021,0204,3.097204
2021,0205,12.296261
2021,0206,9.112882
2021,0207,2.266754
2021,0208,0.964045
2021,0209,11.292458
2021,0299,0.183461
2021,0301,19.827492
2021,0302,2.018931
2021,0303,0.312696
2021,0304,1.678540
2021,0305,0.715528
2021,0399,0.059877
2021,0401,4.257308
2021,0402,0.090617
2021,0403,0.002351
2021,0404,0.757964
2021,0405,3.117338
2021,0499,0.001169
2021,0501,193.257612
2021,0502,0.108885
2021,0503,1.592020
2021,0504,2.181268
2021,0599,0.010545
2021,0601,12.118000
2021,0602,0.130390
2021,0603,11.958375
2021,0604,0.115876
2021,0699,0.361594
2021,0701,18.956210
2021,0702,0.061902
2021,0801,0.009616
2021,0802,0.317766
2021,0803,0.043535
2021,0804,3.493083
2021,0805,0.815209
2021,0806,0.310022
2021,0807,0.165539
2021,0899,0.032646
2021,0901,0.037342
2021,0902,0.413530
2021,0903,0.027509
2021,0904,0.005458
2021,0905,0.564511
2021,0999,0.005520
2021,1001,0.100826
2021,1002,0.016357
2021,1003,0.011044
2021,1004,0.003839
2021,1101,66.357153
2021,1102,0.210012
2021,1201,31.313718
2021,1202,2.827563
2021,1203,249.755826
2021,1204,2.360021
2021,1205,0.011069
2021,1301,18.991967
2021,1302,1.091666
2021,1303,0.019900
2021,1401,6.786384
2021,1499,0.024510
2021,1501,1.676386
2021,1502,1.178994
2021,1503,0.160711
2021,1504,0.489395
2021,1505,0.734983
2021,1506,0.201363
2021,1599,0.952108
2021,1601,8.480811
2021,1699,1.204599
2021,1801,0.819692
2021,1802,2.782064
2021,1803,3.727493
2021,1804,2.719667
2021,1805,12.797113
2021,1806,1.051373
2021,1807,12.610031
2021,1808,2.435839
2021,1809,0.397684
2021,1810,0.070507
2021,1811,4.613183
2021,1812,7.330037
2021,1813,2.360951
2021,1814,0.753480
2021,1815,0.525952
2021,1816,0.198654
2021,1818,0.088928
2021,1899,2.936289
2021,5001,9.023665
2022,0101,540.964903
2022,0102,40.280772
2022,0103,4.612733
2022,0104,0.333367
2022,0199,0.000564
2022,0201,34.168508
2022,0202,38.861538
2022,0203,3.571561
2022,0204,2.892204
2022,0205,10.816350
2022,0206,9.004501
2022,0207,2.638956
2022,0208,0.826870
2022,0209,11.345476
2022,0299,0.335021
2022,0301,19.108968
2022,0302,1.677304
2022,0303,0.528338
2022,0304,1.905886
2022,0305,0.809140
2022,0401,3.741365
2022,0402,0.084911
2022,0403,0.023009
2022,0404,0.841269
2022,0405,3.141819
2022,0501,193.589601
2022,0502,0.088822
2022,0503,1.885124
2022,0504,1.188914
2022,0599,0.149257
2022,0601,14.190643
2022,0602,0.367460
2022,0603,9.292560
2022,0604,0.284346
2022,0699,0.084703
2022,0701,18.813838
2022,0702,0.042486
2022,0801,0.005227
2022,0802,0.291901
2022,0803,0.017099
2022,0804,3.383649
2022,0805,0.766670
2022,0806,0.166323
2022,0807,0.135930
2022,0899,0.021122
2022,0901,0.023571
2022,0902,0.428305
2022,0903,0.026593
2022,0904,0.045729
2022,0905,0.466784
2022,0999,0.011271
2022,1001,0.158563
2022,1002,0.082901
2022,1003,0.009929
2022,1101,68.251239
2022,1102,0.193800
2022,1201,30.190992
2022,1202,3.280798
2022,1203,245.138330
2022,1204,4.280517
2022,1205,0.116013
2022,1301,17.354973
2022,1302,1.688634
2022,1303,0.010502
2022,1399,0.003959
2022,1401,7.807005
2022,1499,0.048815
2022,1501,1.647767
2022,1502,1.591685
2022,1503,0.217099
2022,1504,0.387057
2022,1505,0.980583
2022,1506,0.095071
2022,1599,0.945538
2022,1601,6.216151
2022,1699,0.714839
2022,1801,0.809387
2022,1802,2.105358
2022,1803,4.604952
2022,1804,2.749959
2022,1805,13.153113
2022,1806,1.880906
2022,1807,12.668791
2022,1808,1.915091
2022,1809,0.316885
2022,1810,0.122302
2022,1811,5.462885
2022,1812,7.376698
2022,1813,2.509081
2022,1814,1.158222
2022,1815,0.714945
2022,1816,0.082432
2022,1818,0.163082
2022,1899,2.526677
2022,5001,9.983217
2023,0101,544.269791
2023,0102,40.532195
2023,0103,4.294543
2023,0104,0.186127
2023,0199,0.000102
2023,0201,36.710000
2023,0202,38.712260
2023,0203,3.532551
2023,0204,3.532597
2023,0205,10.014717
2023,0206,8.993186
2023,0207,2.135536
2023,0208,0.978593
2023,0209,10.520926
2023,0299,0.332568
2023,0301,20.597273
2023,0302,1.370076
2023,0303,0.814567
2023,0304,1.711156
2023,0305,0.690113
2023,0399,0.046590
2023,0401,3.537689
2023,0402,0.069653
2023,0403,0.003344
2023,0404,0.761513
2023,0405,3.086870
2023,0499,0.052023
2023,0501,195.596972
2023,0502,0.151298
2023,0503,1.715690
2023,0504,1.733243
2023,0599,0.112711
2023,0601,12.484035
2023,0602,0.157362
2023,0603,9.553117
2023,0604,0.066125
2023,0699,0.178919
2023,0701,18.419996
2023,0702,0.108378
2023,0802,0.282193
2023,0803,0.011617
2023,0804,3.381284
2023,0805,0.903871
2023,0806,0.135326
2023,0807,0.202011
2023,0899,0.017258
2023,0901,0.025763
2023,0902,0.218505
2023,0903,0.044343
2023,0904,0.023070
2023,0905,0.327626
2023,0999,0.015354
2023,1001,0.070562
2023,1002,0.062958
2023,1003,0.024337
2023,1101,66.129045
2023,1102,0.237593
2023,1201,30.315866
2023,1202,4.033288
2023,1203,239.954226
2023,1204,3.487545
2023,1205,0.067037
2023,1299,0.003070
2023,1301,18.812195
2023,1302,1.776068
2023,1303,0.039803
2023,1399,0.024332
2023,1401,6.787776
2023,1499,0.052839
2023,1501,1.132330
2023,1502,1.755552
2023,1503,0.255124
2023,1504,0.596805
2023,1505,0.676602
2023,1506,0.039050
2023,1599,1.323374
2023,1601,6.340247
2023,1699,0.773402
2023,1801,0.924763
2023,1802,2.027673
2023,1803,4.923605
2023,1804,2.813833
2023,1805,14.463058
2023,1806,1.103149
2023,1807,12.744117
2023,1808,2.014133
2023,1809,0.340275
2023,1810,0.111108
2023,1811,5.569019
2023,1812,7.775125
2023,1813,2.816255
2023,1814,1.007209
2023,1815,0.768202
2023,1816,0.102873
2023,1818,0.128618
2023,1899,2.557624
2023,5001,9.605821
2023,5099,0.079888
2024,0101,542.167922
2024,0102,41.556582
2024,0103,3.101403
2024,0104,0.118812
2024,0105,0.003525
2024,0199,0.005712
2024,0201,37.312278
2024,0202,40.054918
2024,0203,3.954751
2024,0204,3.765843
2024,0205,11.965476
2024,0206,8.892535
2024,0207,2.035406
2024,0208,0.944699
2024,0209,11.625503
2024,0299,0.104926
2024,0301,20.693767
2024,0302,1.342726
2024,0303,0.678182
2024,0304,1.783420
2024,0305,0.842917
2024,0399,0.024926
2024,0401,3.644866
2024,0402,0.030645
2024,0403,0.051682
2024,0404,0.808707
2024,0405,2.920345
2024,0499,0.002771
2024,0501,188.060802
2024,0502,0.095541
2024,0503,1.252471
2024,0504,1.297465
2024,0599,0.044484
2024,0601,13.410484
2024,0602,0.183245
2024,0603,9.534790
2024,0604,0.378424
2024,0699,0.150473
2024,0701,18.163417
2024,0702,0.215686
2024,0801,0.006087
2024,0802,0.472516
2024,0803,0.026313
2024,0804,3.279451
2024,0805,1.340273
2024,0806,0.120026
2024,0807,0.236574
2024,0899,0.000710
2024,0901,0.050177
2024,0902,0.339356
2024,0903,0.028606
2024,0904,0.040600
2024,0905,0.342291
2024,1001,0.104673
2024,1002,0.212058
2024,1003,0.043867
2024,1101,67.810879
2024,1102,0.313945
2024,1201,31.825614
2024,1202,3.290149
2024,1203,235.085852
2024,1204,3.277094
2024,1205,0.047363
2024,1299,0.035766
2024,1301,18.712488
2024,1302,1.574804
2024,1303,0.075692
2024,1401,8.189858
2024,1501,1.603826
2024,1502,1.878039
2024,1503,0.194073
2024,1504,1.202408
2024,1505,1.006900
2024,1506,0.169935
2024,1599,1.667938
2024,1601,7.056507
2024,1699,0.979158
2024,1801,0.810345
2024,1802,2.744263
2024,1803,5.219117
2024,1804,2.555295
2024,1805,14.753332
2024,1806,1.569807
2024,1807,12.775173
2024,1808,2.444684
2024,1809,0.418846
2024,1810,0.174293
2024,1811,6.067925
2024,1812,7.549512
2024,1813,2.439973
2024,1814,1.158361
2024,1815,0.879266
2024,1816,0.112638
2024,1818,0.276435
2024,1899,3.064859
2024,5001,9.112664
2024,5099,0.008815
2025,0101,541.964200
2025,0102,40.480433
2025,0103,4.758566
2025,0104,0.167281
2025,0201,33.536283
2025,0202,42.715027
2025,0203,3.441507
2025,0204,3.144987
2025,0205,11.427935
2025,0206,8.679953
2025,0207,2.158009
2025,0208,1.312708
2025,0209,13.202191
2025,0299,0.224409
2025,0301,19.369188
2025,0302,1.866310
2025,0303,0.392128
2025,0304,1.956418
2025,0305,1.185551
2025,0401,2.589370
2025,0402,0.073142
2025,0403,0.010447
2025,0404,0.839227
2025,0405,3.192260
2025,0501,181.806071
2025,0502,0.045195
2025,0503,2.020697
2025,0504,1.799505
2025,0601,12.558820
2025,0602,0.231567
2025,0603,12.141785
2025,0604,0.071327
2025,0699,0.084271
2025,0701,17.894007
2025,0702,0.190945
2025,0801,0.011974
2025,0802,0.380620
2025,0803,0.095045
2025,0804,4.322740
2025,0805,1.097731
2025,0806,0.188602
2025,0807,0.116558
2025,0808,0.000424
2025,0899,0.003782
2025,0901,0.033081
2025,0902,0.493877
2025,0903,0.046772
2025,0904,0.038679
2025,0905,0.523729
2025,0999,0.007425
2025,1001,0.089808
2025,1002,0.153018
2025,1003,0.061808
2025,1101,66.505622
2025,1102,0.286685
2025,1201,31.443607
2025,1202,3.548152
2025,1203,237.141960
2025,1204,3.806119
2025,1205,0.089933
2025,1299,0.020779
2025,1301,20.606267
2025,1302,1.702364
2025,1303,0.035705
2025,1399,0.011259
2025,1401,7.897292
2025,1499,0.019542
2025,1501,1.537627
2025,1502,2.239012
2025,1503,0.246582
2025,1504,0.666102
2025,1505,0.717795
2025,1506,0.025863
2025,1599,1.382268
2025,1601,7.816368
2025,1699,0.809874
2025,1801,0.680726
2025,1802,2.618898
2025,1803,4.643636
2025,1804,2.325954
2025,1805,13.281850
2025,1806,1.319420
2025,1807,12.654565
2025,1808,2.600456
2025,1809,0.483701
2025,1810,0.101697
2025,1811,5.937542
2025,1812,7.855628
2025,1813,3.378318
2025,1814,1.150207
2025,1815,0.888245
2025,1816,0.093315
2025,1818,0.025882
2025,1899,2.229741
2025,5001,13.976048
