year,total,age_15_plus,vintage
2000,282162411,221882570,intercensal 2000-2010 (July)
2001,284968955,224518698,intercensal 2000-2010 (July)
2002,287625193,227062163,intercensal 2000-2010 (July)
2003,290107933,229479283,intercensal 2000-2010 (July)
2004,292805298,232153496,intercensal 2000-2010 (July)
2005,295516599,234997553,intercensal 2000-2010 (July)
2006,298379912,237863203,intercensal 2000-2010 (July)
2007,301231207,240549592,intercensal 2000-2010 (July)
2008,304093966,243186582,intercensal 2000-2010 (July)
2009,306771529,245683948,intercensal 2000-2010 (July)
2010,309327143,248124720,Vintage 2020
2011,311583481,250406755,Vintage 2020
2012,313877662,252750204,Vintage 2020
2013,316059947,254972185,Vintage 2020
2014,318386329,257307493,Vintage 2020
2015,320738994,259708856,Vintage 2020
2016,323071755,262050461,Vintage 2020
2017,325122128,264113350,Vintage 2020
2018,326838199,265958872,Vintage 2020
2019,328329953,267716808,Vintage 2020
2020,331578104,270856958,Vintage 2025
2021,332100166,272052440,Vintage 2025
2022,333996304,274308348,Vintage 2025
2023,336755052,277363838,Vintage 2025
2024,340003797,280748175,Vintage 2025
2025,341784857,282885164,Vintage 2025
