year,age,population
2020,0,3691723
2020,1,3750601
2020,2,3826776
2020,3,3888055
2020,4,3976772
2020,5,4005096
2020,6,3991809
2020,7,4001739
2020,8,4015045
2020,9,4075107
2020,10,4169406
2020,11,4246735
2020,12,4383961
2020,13,4379402
2020,14,4318919
2020,15,4306761
2020,16,4331506
2020,17,4300534
2020,18,4378169
2020,19,4653347
2020,20,4681521
2020,21,4537076
2020,22,4405909
2020,23,4300830
2020,24,4285601
2020,25,4325187
2020,26,4366117
2020,27,4422550
2020,28,4509105
2020,29,4604744
2020,30,4652848
2020,31,4524680
2020,32,4460347
2020,33,4415515
2020,34,4449946
2020,35,4442954
2020,36,4325805
2020,37,4384482
2020,38,4360630
2020,39,4327425
2020,40,4325608
2020,41,4122291
2020,42,4023765
2020,43,3981542
2020,44,3861283
2020,45,3910994
2020,46,3822978
2020,47,3891742
2020,48,4059006
2020,49,4312989
2020,50,4280988
2020,51,4125792
2020,52,4031490
2020,53,4040864
2020,54,4132662
2020,55,4312231
2020,56,4415700
2020,57,4419964
2020,58,4404280
2020,59,4444574
2020,60,4391557
2020,61,4302753
2020,62,4273638
2020,63,4216457
2020,64,4050214
2020,65,3971255
2020,66,3816871
2020,67,3665530
2020,68,3508712
2020,69,3378002
2020,70,3233073
2020,71,3134353
2020,72,3065307
2020,73,3162555
2020,74,2305216
2020,75,2213791
2020,76,2137717
2020,77,2155510
2020,78,1840717
2020,79,1650210
2020,80,1507667
2020,81,1392011
2020,82,1292043
2020,83,1148623
2020,84,1050962
2020,85,966105
2020,86,822176
2020,87,752928
2020,88,673521
2020,89,597896
2020,90,528491
2020,91,435496
2020,92,369474
2020,93,302407
2020,94,237865
2020,95,187290
2020,96,140502
2020,97,102874
2020,98,71153
2020,99,50624
2020,100,79080
2021,0,3572165
2021,1,3697247
2021,2,3756935
2021,3,3832978
2021,4,3894042
2021,5,3982515
2021,6,4010593
2021,7,3997065
2021,8,4006869
2021,9,4020066
2021,10,4079899
2021,11,4174119
2021,12,4251285
2021,13,4388243
2021,14,4383705
2021,15,4323562
2021,16,4311859
2021,17,4337844
2021,18,4307633
2021,19,4384474
2021,20,4658564
2021,21,4685525
2021,22,4542160
2021,23,4412158
2021,24,4307794
2021,25,4292420
2021,26,4331733
2021,27,4372373
2021,28,4427647
2021,29,4513160
2021,30,4608103
2021,31,4654862
2021,32,4526343
2021,33,4460665
2021,34,4415074
2021,35,4448210
2021,36,4440159
2021,37,4322361
2021,38,4379863
2021,39,4354778
2021,40,4320584
2021,41,4317608
2021,42,4113713
2021,43,4015267
2021,44,3972331
2021,45,3851297
2021,46,3899633
2021,47,3810502
2021,48,3877568
2021,49,4042660
2021,50,4293737
2021,51,4260472
2021,52,4104323
2021,53,4008471
2021,54,4015778
2021,55,4104683
2021,56,4280358
2021,57,4380463
2021,58,4381528
2021,59,4362599
2021,60,4399164
2021,61,4343170
2021,62,4251638
2021,63,4219071
2021,64,4158738
2021,65,3991717
2021,66,3910508
2021,67,3754519
2021,68,3601476
2021,69,3442703
2021,70,3310312
2021,71,3162119
2021,72,3059654
2021,73,2985237
2021,74,3073559
2021,75,2232858
2021,76,2138495
2021,77,2057589
2021,78,2066779
2021,79,1756828
2021,80,1567101
2021,81,1423331
2021,82,1304871
2021,83,1201974
2021,84,1059406
2021,85,960586
2021,86,874583
2021,87,736012
2021,88,666774
2021,89,588556
2021,90,515175
2021,91,448559
2021,92,363436
2021,93,302898
2021,94,243210
2021,95,187030
2021,96,144205
2021,97,105474
2021,98,75311
2021,99,50319
2021,100,84596
2022,0,3680529
2022,1,3602579
2022,2,3727216
2022,3,3786311
2022,4,3861295
2022,5,3920724
2022,6,4007736
2022,7,4034563
2022,8,4020380
2022,9,4029435
2022,10,4041578
2022,11,4101239
2022,12,4194938
2022,13,4271229
2022,14,4408204
2022,15,4405398
2022,16,4348604
2022,17,4342739
2022,18,4375317
2022,19,4346892
2022,20,4419828
2022,21,4696233
2022,22,4726970
2022,23,4585397
2022,24,4456076
2022,25,4353392
2022,26,4338487
2022,27,4375593
2022,28,4414853
2022,29,4469745
2022,30,4553168
2022,31,4645753
2022,32,4689620
2022,33,4558253
2022,34,4489285
2022,35,4440315
2022,36,4470431
2022,37,4459504
2022,38,4339258
2022,39,4393975
2022,40,4365463
2022,41,4328323
2022,42,4323248
2022,43,4117404
2022,44,4017154
2022,45,3972347
2022,46,3849943
2022,47,3895394
2022,48,3804700
2022,49,3869479
2022,50,4031103
2022,51,4278130
2022,52,4243283
2022,53,4085559
2022,54,3988507
2022,55,3992810
2022,56,4078130
2022,57,4249305
2022,58,4344899
2022,59,4342221
2022,60,4319821
2022,61,4353034
2022,62,4293654
2022,63,4198827
2022,64,4163124
2022,65,4100003
2022,66,3931846
2022,67,3849080
2022,68,3690959
2022,69,3535843
2022,70,3376206
2022,71,3243410
2022,72,3092130
2022,73,2985300
2022,74,2905027
2022,75,2983984
2022,76,2160324
2022,77,2062909
2022,78,1976973
2022,79,1977095
2022,80,1672055
2022,81,1483210
2022,82,1338298
2022,83,1217554
2022,84,1112531
2022,85,971824
2022,86,872894
2022,87,786705
2022,88,654243
2022,89,585988
2022,90,509946
2022,91,439736
2022,92,376867
2022,93,300009
2022,94,245401
2022,95,193141
2022,96,145004
2022,97,109474
2022,98,78008
2022,99,54317
2022,100,89106
2023,0,3653453
2023,1,3719819
2023,2,3642279
2023,3,3766965
2023,4,3824021
2023,5,3897067
2023,6,3955098
2023,7,4040453
2023,8,4065958
2023,9,4051236
2023,10,4058149
2023,11,4069137
2023,12,4128266
2023,13,4221225
2023,14,4298088
2023,15,4436199
2023,16,4437134
2023,17,4388584
2023,18,4391967
2023,19,4426623
2023,20,4396869
2023,21,4472038
2023,22,4753870
2023,23,4789203
2023,24,4648745
2023,25,4519119
2023,26,4415247
2023,27,4399096
2023,28,4435470
2023,29,4473647
2023,30,4526487
2023,31,4607395
2023,32,4697241
2023,33,4737984
2023,34,4603400
2023,35,4529898
2023,36,4477617
2023,37,4503669
2023,38,4488511
2023,39,4365548
2023,40,4416286
2023,41,4383582
2023,42,4343474
2023,43,4336260
2023,44,4127804
2023,45,4025269
2023,46,3978854
2023,47,3854468
2023,48,3897187
2023,49,3804750
2023,50,3866681
2023,51,4024962
2023,52,4268266
2023,53,4230832
2023,54,4072391
2023,55,3973898
2023,56,3975716
2023,57,4057201
2023,58,4223604
2023,59,4315472
2023,60,4309671
2023,61,4283796
2023,62,4313415
2023,63,4250615
2023,64,4152667
2023,65,4114440
2023,66,4048779
2023,67,3879343
2023,68,3794177
2023,69,3633718
2023,70,3477134
2023,71,3315086
2023,72,3179544
2023,73,3025001
2023,74,2913811
2023,75,2827736
2023,76,2897341
2023,77,2090523
2023,78,1990084
2023,79,1899144
2023,80,1890614
2023,81,1590461
2023,82,1402190
2023,83,1256593
2023,84,1134561
2023,85,1028478
2023,86,890511
2023,87,792363
2023,88,706813
2023,89,580816
2023,90,514267
2023,91,441018
2023,92,374673
2023,93,316060
2023,94,247202
2023,95,198471
2023,96,153145
2023,97,112260
2023,98,83080
2023,99,57679
2023,100,98040
2024,0,3617221
2024,1,3700305
2024,2,3766783
2024,3,3689270
2024,4,3811156
2024,5,3866199
2024,6,3938295
2024,7,3994511
2024,8,4077472
2024,9,4102138
2024,10,4086091
2024,11,4091663
2024,12,4101411
2024,13,4159743
2024,14,4253364
2024,15,4332278
2024,16,4475114
2024,17,4485865
2024,18,4447882
2024,19,4452930
2024,20,4485626
2024,21,4462160
2024,22,4545285
2024,23,4831978
2024,24,4869332
2024,25,4728379
2024,26,4595794
2024,27,4491577
2024,28,4476138
2024,29,4510254
2024,30,4545085
2024,31,4594124
2024,32,4671312
2024,33,4757860
2024,34,4794528
2024,35,4655460
2024,36,4577885
2024,37,4521041
2024,38,4542429
2024,39,4523696
2024,40,4396672
2024,41,4442542
2024,42,4406001
2024,43,4362990
2024,44,4351732
2024,45,4141396
2024,46,4037422
2024,47,3987871
2024,48,3861348
2024,49,3901868
2024,50,3806301
2024,51,3864609
2024,52,4019194
2024,53,4258738
2024,54,4219466
2024,55,4060066
2024,56,3959937
2024,57,3958675
2024,58,4035958
2024,59,4198410
2024,60,4286803
2024,61,4276961
2024,62,4247324
2024,63,4272636
2024,64,4206662
2024,65,4106689
2024,66,4065675
2024,67,3996807
2024,68,3825460
2024,69,3737650
2024,70,3576160
2024,71,3417857
2024,72,3252717
2024,73,3113928
2024,74,2956163
2024,75,2840686
2024,76,2748536
2024,77,2808480
2024,78,2018936
2024,79,1915295
2024,80,1819404
2024,81,1802010
2024,82,1506765
2024,83,1319820
2024,84,1174606
2024,85,1052120
2024,86,945991
2024,87,811605
2024,88,714958
2024,89,630870
2024,90,511852
2024,91,447827
2024,92,378237
2024,93,316329
2024,94,262437
2024,95,201585
2024,96,158786
2024,97,120051
2024,98,85828
2024,99,62326
2024,100,108135
2025,0,3618898
2025,1,3642657
2025,2,3725891
2025,3,3791993
2025,4,3712428
2025,5,3833003
2025,6,3887513
2025,7,3958385
2025,8,4013109
2025,9,4095711
2025,10,4119512
2025,11,4102351
2025,12,4106943
2025,13,4116277
2025,14,4175022
2025,15,4269990
2025,16,4351721
2025,17,4499944
2025,18,4515570
2025,19,4478055
2025,20,4480764
2025,21,4515485
2025,22,4496120
2025,23,4581501
2025,24,4869364
2025,25,4906967
2025,26,4764474
2025,27,4631555
2025,28,4527973
2025,29,4511396
2025,30,4543064
2025,31,4575753
2025,32,4622744
2025,33,4697801
2025,34,4782320
2025,35,4815592
2025,36,4673999
2025,37,4593584
2025,38,4534325
2025,39,4553803
2025,40,4532076
2025,41,4402175
2025,42,4445939
2025,43,4407374
2025,44,4362148
2025,45,4349504
2025,46,4138567
2025,47,4032710
2025,48,3981371
2025,49,3853950
2025,50,3891961
2025,51,3794286
2025,52,3850572
2025,53,4002417
2025,54,4239446
2025,55,4198956
2025,56,4038266
2025,57,3936645
2025,58,3932339
2025,59,4006693
2025,60,4165059
2025,61,4249243
2025,62,4235851
2025,63,4202552
2025,64,4224112
2025,65,4155651
2025,66,4053717
2025,67,4009421
2025,68,3937544
2025,69,3765126
2025,70,3676071
2025,71,3513126
2025,72,3351950
2025,73,3183604
2025,74,3041941
2025,75,2880970
2025,76,2760961
2025,77,2662822
2025,78,2712909
2025,79,1941929
2025,80,1835073
2025,81,1733996
2025,82,1707298
2025,83,1418183
2025,84,1233760
2025,85,1089965
2025,86,968175
2025,87,862937
2025,88,732973
2025,89,638772
2025,90,557041
2025,91,445826
2025,92,385176
2025,93,320003
2025,94,263215
2025,95,214551
2025,96,161685
2025,97,124803
2025,98,92407
2025,99,64325
2025,100,119182
