agency,series_code,series_name,headcount,snapshot,source
FWS,0401,GENERAL NATURAL RESOURCES MANAGEMENT AND BIOLOGICAL SCIENCES,2166,202509,"OPM Federal Workforce Data, employment 2025-09 v3 (data.opm.gov/api/v1/files/employment/2025/09/3)"
FWS,0482,FISH BIOLOGY,508,202509,"OPM Federal Workforce Data, employment 2025-09 v3 (data.opm.gov/api/v1/files/employment/2025/09/3)"
FWS,0404,BIOLOGICAL SCIENCE TECHNICIAN,476,202509,"OPM Federal Workforce Data, employment 2025-09 v3 (data.opm.gov/api/v1/files/employment/2025/09/3)"
FWS,0485,WILDLIFE REFUGE MANAGEMENT,450,202509,"OPM Federal Workforce Data, employment 2025-09 v3 (data.opm.gov/api/v1/files/employment/2025/09/3)"
FWS,0486,WILDLIFE BIOLOGY,354,202509,"OPM Federal Workforce Data, employment 2025-09 v3 (data.opm.gov/api/v1/files/employment/2025/09/3)"
FWS,1801,"GENERAL INSPECTION, INVESTIGATION, ENFORCEMENT, AND COMPLIANCE SERIES",353,202509,"OPM Federal Workforce Data, employment 2025-09 v3 (data.opm.gov/api/v1/files/employment/2025/09/3)"
FWS,0456,WILDLAND FIRE MANAGEMENT,315,202509,"OPM Federal Workforce Data, employment 2025-09 v3 (data.opm.gov/api/v1/files/employment/2025/09/3)"
FWS,4749,MAINTENANCE MECHANIC,309,202509,"OPM Federal Workforce Data, employment 2025-09 v3 (data.opm.gov/api/v1/files/employment/2025/09/3)"
FWS,0480,FISH AND WILDLIFE ADMINISTRATION,253,202509,"OPM Federal Workforce Data, employment 2025-09 v3 (data.opm.gov/api/v1/files/employment/2025/09/3)"
FWS,0303,MISCELLANEOUS CLERK AND ASSISTANT,237,202509,"OPM Federal Workforce Data, employment 2025-09 v3 (data.opm.gov/api/v1/files/employment/2025/09/3)"
FWS,0025,PARK RANGER,209,202509,"OPM Federal Workforce Data, employment 2025-09 v3 (data.opm.gov/api/v1/files/employment/2025/09/3)"
FWS,1811,CRIMINAL INVESTIGATION,187,202509,"OPM Federal Workforce Data, employment 2025-09 v3 (data.opm.gov/api/v1/files/employment/2025/09/3)"
FWS,0341,ADMINISTRATIVE OFFICER,183,202509,"OPM Federal Workforce Data, employment 2025-09 v3 (data.opm.gov/api/v1/files/employment/2025/09/3)"
FWS,5716,ENGINEERING EQUIPMENT OPERATING,162,202509,"OPM Federal Workforce Data, employment 2025-09 v3 (data.opm.gov/api/v1/files/employment/2025/09/3)"
FWS,0301,MISCELLANEOUS ADMINISTRATION AND PROGRAM,150,202509,"OPM Federal Workforce Data, employment 2025-09 v3 (data.opm.gov/api/v1/files/employment/2025/09/3)"
FWS,0343,MANAGEMENT AND PROGRAM ANALYSIS,147,202509,"OPM Federal Workforce Data, employment 2025-09 v3 (data.opm.gov/api/v1/files/employment/2025/09/3)"
FWS,0560,BUDGET ANALYSIS,137,202509,"OPM Federal Workforce Data, employment 2025-09 v3 (data.opm.gov/api/v1/files/employment/2025/09/3)"
FWS,1170,REALTY,87,202509,"OPM Federal Workforce Data, employment 2025-09 v3 (data.opm.gov/api/v1/files/employment/2025/09/3)"
FWS,1640,FACILITY OPERATIONS SERVICES,72,202509,"OPM Federal Workforce Data, employment 2025-09 v3 (data.opm.gov/api/v1/files/employment/2025/09/3)"
FWS,0462,FORESTRY TECHNICIAN,58,202509,"OPM Federal Workforce Data, employment 2025-09 v3 (data.opm.gov/api/v1/files/employment/2025/09/3)"
FWS,0499,BIOLOGICAL SCIENCE STUDENT TRAINEE,57,202509,"OPM Federal Workforce Data, employment 2025-09 v3 (data.opm.gov/api/v1/files/employment/2025/09/3)"
FWS,1035,PUBLIC AFFAIRS,48,202509,"OPM Federal Workforce Data, employment 2025-09 v3 (data.opm.gov/api/v1/files/employment/2025/09/3)"
FWS,0408,ECOLOGY,45,202509,"OPM Federal Workforce Data, employment 2025-09 v3 (data.opm.gov/api/v1/files/employment/2025/09/3)"
FWS,0810,CIVIL ENGINEERING,37,202509,"OPM Federal Workforce Data, employment 2025-09 v3 (data.opm.gov/api/v1/files/employment/2025/09/3)"
FWS,0318,SECRETARY,36,202509,"OPM Federal Workforce Data, employment 2025-09 v3 (data.opm.gov/api/v1/files/employment/2025/09/3)"
FWS,0440,GENETICS,34,202509,"OPM Federal Workforce Data, employment 2025-09 v3 (data.opm.gov/api/v1/files/employment/2025/09/3)"
FWS,1370,CARTOGRAPHY,31,202509,"OPM Federal Workforce Data, employment 2025-09 v3 (data.opm.gov/api/v1/files/employment/2025/09/3)"
FWS,1101,GENERAL BUSINESS AND INDUSTRY,31,202509,"OPM Federal Workforce Data, employment 2025-09 v3 (data.opm.gov/api/v1/files/employment/2025/09/3)"
FWS,5048,ANIMAL CARETAKING,31,202509,"OPM Federal Workforce Data, employment 2025-09 v3 (data.opm.gov/api/v1/files/employment/2025/09/3)"
FWS,1373,LAND SURVEYING,28,202509,"OPM Federal Workforce Data, employment 2025-09 v3 (data.opm.gov/api/v1/files/employment/2025/09/3)"
FWS,0193,ARCHEOLOGY,26,202509,"OPM Federal Workforce Data, employment 2025-09 v3 (data.opm.gov/api/v1/files/employment/2025/09/3)"
FWS,1315,HYDROLOGY,26,202509,"OPM Federal Workforce Data, employment 2025-09 v3 (data.opm.gov/api/v1/files/employment/2025/09/3)"
FWS,0460,FORESTRY,22,202509,"OPM Federal Workforce Data, employment 2025-09 v3 (data.opm.gov/api/v1/files/employment/2025/09/3)"
FWS,0018,SAFETY AND OCCUPATIONAL HEALTH MANAGEMENT,22,202509,"OPM Federal Workforce Data, employment 2025-09 v3 (data.opm.gov/api/v1/files/employment/2025/09/3)"
FWS,5705,TRACTOR OPERATING,22,202509,"OPM Federal Workforce Data, employment 2025-09 v3 (data.opm.gov/api/v1/files/employment/2025/09/3)"
FWS,0963,LEGAL INSTRUMENTS EXAMINING,21,202509,"OPM Federal Workforce Data, employment 2025-09 v3 (data.opm.gov/api/v1/files/employment/2025/09/3)"
FWS,0561,BUDGET CLERICAL AND ASSISTANCE,21,202509,"OPM Federal Workforce Data, employment 2025-09 v3 (data.opm.gov/api/v1/files/employment/2025/09/3)"
FWS,0501,FINANCIAL ADMINISTRATION AND PROGRAM,19,202509,"OPM Federal Workforce Data, employment 2025-09 v3 (data.opm.gov/api/v1/files/employment/2025/09/3)"
FWS,1001,GENERAL ARTS AND INFORMATION,19,202509,"OPM Federal Workforce Data, employment 2025-09 v3 (data.opm.gov/api/v1/files/employment/2025/09/3)"
FWS,0150,GEOGRAPHY,17,202509,"OPM Federal Workforce Data, employment 2025-09 v3 (data.opm.gov/api/v1/files/employment/2025/09/3)"
FWS,0306,GOVERNMENT INFORMATION SPECIALIST,16,202509,"OPM Federal Workforce Data, employment 2025-09 v3 (data.opm.gov/api/v1/files/employment/2025/09/3)"
FWS,0028,ENVIRONMENTAL PROTECTION SPECIALIST,15,202509,"OPM Federal Workforce Data, employment 2025-09 v3 (data.opm.gov/api/v1/files/employment/2025/09/3)"
FWS,2210,INFORMATION TECHNOLOGY MANAGEMENT,15,202509,"OPM Federal Workforce Data, employment 2025-09 v3 (data.opm.gov/api/v1/files/employment/2025/09/3)"
FWS,0101,SOCIAL SCIENCE,15,202509,"OPM Federal Workforce Data, employment 2025-09 v3 (data.opm.gov/api/v1/files/employment/2025/09/3)"
FWS,5786,SMALL CRAFT OPERATING,14,202509,"OPM Federal Workforce Data, employment 2025-09 v3 (data.opm.gov/api/v1/files/employment/2025/09/3)"
FWS,0346,LOGISTICS MANAGEMENT,14,202509,"OPM Federal Workforce Data, employment 2025-09 v3 (data.opm.gov/api/v1/files/employment/2025/09/3)"
FWS,0430,BOTANY,13,202509,"OPM Federal Workforce Data, employment 2025-09 v3 (data.opm.gov/api/v1/files/employment/2025/09/3)"
FWS,0340,PROGRAM MANAGEMENT,12,202509,"OPM Federal Workforce Data, employment 2025-09 v3 (data.opm.gov/api/v1/files/employment/2025/09/3)"
FWS,1311,PHYSICAL SCIENCE TECHNICIAN,10,202509,"OPM Federal Workforce Data, employment 2025-09 v3 (data.opm.gov/api/v1/files/employment/2025/09/3)"
FWS,0399,ADMINISTRATION AND OFFICE SUPPORT STUDENT TRAINEE,10,202509,"OPM Federal Workforce Data, employment 2025-09 v3 (data.opm.gov/api/v1/files/employment/2025/09/3)"
FWS,0132,INTELLIGENCE,9,202509,"OPM Federal Workforce Data, employment 2025-09 v3 (data.opm.gov/api/v1/files/employment/2025/09/3)"
FWS,3502,LABORING,9,202509,"OPM Federal Workforce Data, employment 2025-09 v3 (data.opm.gov/api/v1/files/employment/2025/09/3)"
FWS,1530,STATISTICS,9,202509,"OPM Federal Workforce Data, employment 2025-09 v3 (data.opm.gov/api/v1/files/employment/2025/09/3)"
FWS,0808,ARCHITECTURE,9,202509,"OPM Federal Workforce Data, employment 2025-09 v3 (data.opm.gov/api/v1/files/employment/2025/09/3)"
FWS,2181,AIRCRAFT OPERATION,9,202509,"OPM Federal Workforce Data, employment 2025-09 v3 (data.opm.gov/api/v1/files/employment/2025/09/3)"
FWS,1701,GENERAL EDUCATION AND TRAINING,9,202509,"OPM Federal Workforce Data, employment 2025-09 v3 (data.opm.gov/api/v1/files/employment/2025/09/3)"
FWS,0701,VETERINARY MEDICAL SCIENCE,8,202509,"OPM Federal Workforce Data, employment 2025-09 v3 (data.opm.gov/api/v1/files/employment/2025/09/3)"
FWS,5703,MOTOR VEHICLE OPERATING,7,202509,"OPM Federal Workforce Data, employment 2025-09 v3 (data.opm.gov/api/v1/files/employment/2025/09/3)"
FWS,0801,GENERAL ENGINEERING,7,202509,"OPM Federal Workforce Data, employment 2025-09 v3 (data.opm.gov/api/v1/files/employment/2025/09/3)"
FWS,1106,PROCUREMENT CLERICAL AND TECHNICIAN,7,202509,"OPM Federal Workforce Data, employment 2025-09 v3 (data.opm.gov/api/v1/files/employment/2025/09/3)"
FWS,1712,TRAINING INSTRUCTION,7,202509,"OPM Federal Workforce Data, employment 2025-09 v3 (data.opm.gov/api/v1/files/employment/2025/09/3)"
FWS,1084,VISUAL INFORMATION,6,202509,"OPM Federal Workforce Data, employment 2025-09 v3 (data.opm.gov/api/v1/files/employment/2025/09/3)"
FWS,1702,EDUCATION AND TRAINING TECHNICIAN,6,202509,"OPM Federal Workforce Data, employment 2025-09 v3 (data.opm.gov/api/v1/files/employment/2025/09/3)"
FWS,1071,AUDIOVISUAL PRODUCTION,5,202509,"OPM Federal Workforce Data, employment 2025-09 v3 (data.opm.gov/api/v1/files/employment/2025/09/3)"
FWS,0023,OUTDOOR RECREATION PLANNING,5,202509,"OPM Federal Workforce Data, employment 2025-09 v3 (data.opm.gov/api/v1/files/employment/2025/09/3)"
FWS,0080,SECURITY ADMINISTRATION,5,202509,"OPM Federal Workforce Data, employment 2025-09 v3 (data.opm.gov/api/v1/files/employment/2025/09/3)"
FWS,0110,ECONOMIST,5,202509,"OPM Federal Workforce Data, employment 2025-09 v3 (data.opm.gov/api/v1/files/employment/2025/09/3)"
FWS,0089,EMERGENCY MANAGEMENT SPECIALIST,4,202509,"OPM Federal Workforce Data, employment 2025-09 v3 (data.opm.gov/api/v1/files/employment/2025/09/3)"
FWS,0305,MAIL AND FILE,4,202509,"OPM Federal Workforce Data, employment 2025-09 v3 (data.opm.gov/api/v1/files/employment/2025/09/3)"
FWS,1802,COMPLIANCE INSPECTION AND SUPPORT,4,202509,"OPM Federal Workforce Data, employment 2025-09 v3 (data.opm.gov/api/v1/files/employment/2025/09/3)"
FWS,5334,MARINE MACHINERY MECHANIC,4,202509,"OPM Federal Workforce Data, employment 2025-09 v3 (data.opm.gov/api/v1/files/employment/2025/09/3)"
FWS,0503,FINANCIAL CLERICAL AND ASSISTANCE,4,202509,"OPM Federal Workforce Data, employment 2025-09 v3 (data.opm.gov/api/v1/files/employment/2025/09/3)"
FWS,5803,HEAVY MOBILE EQUIPMENT MECHANIC,4,202509,"OPM Federal Workforce Data, employment 2025-09 v3 (data.opm.gov/api/v1/files/employment/2025/09/3)"
FWS,1750,INSTRUCTIONAL SYSTEMS,4,202509,"OPM Federal Workforce Data, employment 2025-09 v3 (data.opm.gov/api/v1/files/employment/2025/09/3)"
FWS,2101,TRANSPORTATION SPECIALIST,3,202509,"OPM Federal Workforce Data, employment 2025-09 v3 (data.opm.gov/api/v1/files/employment/2025/09/3)"
FWS,1371,CARTOGRAPHIC TECHNICIAN,3,202509,"OPM Federal Workforce Data, employment 2025-09 v3 (data.opm.gov/api/v1/files/employment/2025/09/3)"
FWS,0326,OFFICE AUTOMATION CLERICAL AND ASSISTANCE,3,202509,"OPM Federal Workforce Data, employment 2025-09 v3 (data.opm.gov/api/v1/files/employment/2025/09/3)"
FWS,2805,ELECTRICIAN,3,202509,"OPM Federal Workforce Data, employment 2025-09 v3 (data.opm.gov/api/v1/files/employment/2025/09/3)"
FWS,2151,DISPATCHING,3,202509,"OPM Federal Workforce Data, employment 2025-09 v3 (data.opm.gov/api/v1/files/employment/2025/09/3)"
FWS,5782,SHIP OPERATING,3,202509,"OPM Federal Workforce Data, employment 2025-09 v3 (data.opm.gov/api/v1/files/employment/2025/09/3)"
FWS,0690,INDUSTRIAL HYGIENE,3,202509,"OPM Federal Workforce Data, employment 2025-09 v3 (data.opm.gov/api/v1/files/employment/2025/09/3)"
FWS,1340,METEOROLOGY,3,202509,"OPM Federal Workforce Data, employment 2025-09 v3 (data.opm.gov/api/v1/files/employment/2025/09/3)"
FWS,5026,PEST CONTROLLING,3,202509,"OPM Federal Workforce Data, employment 2025-09 v3 (data.opm.gov/api/v1/files/employment/2025/09/3)"
FWS,5788,DECKHAND,3,202509,"OPM Federal Workforce Data, employment 2025-09 v3 (data.opm.gov/api/v1/files/employment/2025/09/3)"
FWS,1320,CHEMISTRY,3,202509,"OPM Federal Workforce Data, employment 2025-09 v3 (data.opm.gov/api/v1/files/employment/2025/09/3)"
FWS,1015,MUSEUM CURATOR,3,202509,"OPM Federal Workforce Data, employment 2025-09 v3 (data.opm.gov/api/v1/files/employment/2025/09/3)"
FWS,0817,SURVEY TECHNICAL,3,202509,"OPM Federal Workforce Data, employment 2025-09 v3 (data.opm.gov/api/v1/files/employment/2025/09/3)"
FWS,1016,MUSEUM SPECIALIST AND TECHNICIAN,2,202509,"OPM Federal Workforce Data, employment 2025-09 v3 (data.opm.gov/api/v1/files/employment/2025/09/3)"
FWS,1603,"EQUIPMENT, FACILITIES, AND SERVICES ASSISTANCE",2,202509,"OPM Federal Workforce Data, employment 2025-09 v3 (data.opm.gov/api/v1/files/employment/2025/09/3)"
FWS,1109,GRANTS MANAGEMENT,2,202509,"OPM Federal Workforce Data, employment 2025-09 v3 (data.opm.gov/api/v1/files/employment/2025/09/3)"
FWS,1529,MATHEMATICAL STATISTICS,2,202509,"OPM Federal Workforce Data, employment 2025-09 v3 (data.opm.gov/api/v1/files/employment/2025/09/3)"
FWS,0189,RECREATION AID AND ASSISTANT,2,202509,"OPM Federal Workforce Data, employment 2025-09 v3 (data.opm.gov/api/v1/files/employment/2025/09/3)"
FWS,2606,ELECTRONIC INDUSTRIAL CONTROLS MECHANIC,2,202509,"OPM Federal Workforce Data, employment 2025-09 v3 (data.opm.gov/api/v1/files/employment/2025/09/3)"
FWS,0308,RECORDS AND INFORMATION MANAGEMENT,2,202509,"OPM Federal Workforce Data, employment 2025-09 v3 (data.opm.gov/api/v1/files/employment/2025/09/3)"
FWS,9905,FIRST OFFICER,2,202509,"OPM Federal Workforce Data, employment 2025-09 v3 (data.opm.gov/api/v1/files/employment/2025/09/3)"
FWS,1171,APPRAISING,2,202509,"OPM Federal Workforce Data, employment 2025-09 v3 (data.opm.gov/api/v1/files/employment/2025/09/3)"
FWS,0454,RANGELAND MANAGEMENT,2,202509,"OPM Federal Workforce Data, employment 2025-09 v3 (data.opm.gov/api/v1/files/employment/2025/09/3)"
FWS,1301,GENERAL PHYSICAL SCIENCE,2,202509,"OPM Federal Workforce Data, employment 2025-09 v3 (data.opm.gov/api/v1/files/employment/2025/09/3)"
FWS,0455,RANGE TECHNICIAN,2,202509,"OPM Federal Workforce Data, employment 2025-09 v3 (data.opm.gov/api/v1/files/employment/2025/09/3)"
FWS,1316,HYDROLOGIC TECHNICIAN,2,202509,"OPM Federal Workforce Data, employment 2025-09 v3 (data.opm.gov/api/v1/files/employment/2025/09/3)"
FWS,0809,CONSTRUCTION CONTROL TECHNICAL,2,202509,"OPM Federal Workforce Data, employment 2025-09 v3 (data.opm.gov/api/v1/files/employment/2025/09/3)"
FWS,0099,GENERAL STUDENT TRAINEE,2,202509,"OPM Federal Workforce Data, employment 2025-09 v3 (data.opm.gov/api/v1/files/employment/2025/09/3)"
FWS,9902,MASTER,2,202509,"OPM Federal Workforce Data, employment 2025-09 v3 (data.opm.gov/api/v1/files/employment/2025/09/3)"
FWS,5823,AUTOMOTIVE MECHANIC,2,202509,"OPM Federal Workforce Data, employment 2025-09 v3 (data.opm.gov/api/v1/files/employment/2025/09/3)"
FWS,0950,PARALEGAL SPECIALIST,1,202509,"OPM Federal Workforce Data, employment 2025-09 v3 (data.opm.gov/api/v1/files/employment/2025/09/3)"
FWS,0170,HISTORY,1,202509,"OPM Federal Workforce Data, employment 2025-09 v3 (data.opm.gov/api/v1/files/employment/2025/09/3)"
FWS,0414,ENTOMOLOGY,1,202509,"OPM Federal Workforce Data, employment 2025-09 v3 (data.opm.gov/api/v1/files/employment/2025/09/3)"
FWS,8852,AIRCRAFT MECHANIC,1,202509,"OPM Federal Workforce Data, employment 2025-09 v3 (data.opm.gov/api/v1/files/employment/2025/09/3)"
FWS,9931,CHIEF ENGINEER,1,202509,"OPM Federal Workforce Data, employment 2025-09 v3 (data.opm.gov/api/v1/files/employment/2025/09/3)"
FWS,0413,PHYSIOLOGY,1,202509,"OPM Federal Workforce Data, employment 2025-09 v3 (data.opm.gov/api/v1/files/employment/2025/09/3)"
FWS,1410,LIBRARIAN,1,202509,"OPM Federal Workforce Data, employment 2025-09 v3 (data.opm.gov/api/v1/files/employment/2025/09/3)"
FWS,0830,MECHANICAL ENGINEERING,1,202509,"OPM Federal Workforce Data, employment 2025-09 v3 (data.opm.gov/api/v1/files/employment/2025/09/3)"
FWS,0391,TELECOMMUNICATIONS,1,202509,"OPM Federal Workforce Data, employment 2025-09 v3 (data.opm.gov/api/v1/files/employment/2025/09/3)"
FWS,4742,UTILITY SYSTEMS REPAIRING-OPERATING,1,202509,"OPM Federal Workforce Data, employment 2025-09 v3 (data.opm.gov/api/v1/files/employment/2025/09/3)"
FWS,0356,DATA TRANSCRIBER,1,202509,"OPM Federal Workforce Data, employment 2025-09 v3 (data.opm.gov/api/v1/files/employment/2025/09/3)"
FWS,1082,WRITING AND EDITING,1,202509,"OPM Federal Workforce Data, employment 2025-09 v3 (data.opm.gov/api/v1/files/employment/2025/09/3)"
FWS,1099,INFORMATION AND ARTS STUDENT TRAINEE,1,202509,"OPM Federal Workforce Data, employment 2025-09 v3 (data.opm.gov/api/v1/files/employment/2025/09/3)"
FWS,0344,MANAGEMENT AND PROGRAM CLERICAL AND ASSISTANCE,1,202509,"OPM Federal Workforce Data, employment 2025-09 v3 (data.opm.gov/api/v1/files/employment/2025/09/3)"
FWS,1899,INVESTIGATION STUDENT TRAINEE,1,202509,"OPM Federal Workforce Data, employment 2025-09 v3 (data.opm.gov/api/v1/files/employment/2025/09/3)"
FWS,0186,SOCIAL SERVICES AID AND ASSISTANT,1,202509,"OPM Federal Workforce Data, employment 2025-09 v3 (data.opm.gov/api/v1/files/employment/2025/09/3)"
FWS,0881,PETROLEUM ENGINEERING,1,202509,"OPM Federal Workforce Data, employment 2025-09 v3 (data.opm.gov/api/v1/files/employment/2025/09/3)"
FWS,0403,MICROBIOLOGY,1,202509,"OPM Federal Workforce Data, employment 2025-09 v3 (data.opm.gov/api/v1/files/employment/2025/09/3)"
FWS,1350,GEOLOGY,1,202509,"OPM Federal Workforce Data, employment 2025-09 v3 (data.opm.gov/api/v1/files/employment/2025/09/3)"
FWS,0802,ENGINEERING TECHNICAL,1,202509,"OPM Federal Workforce Data, employment 2025-09 v3 (data.opm.gov/api/v1/files/employment/2025/09/3)"
FWS,0901,GENERAL LEGAL AND KINDRED ADMINISTRATION,1,202509,"OPM Federal Workforce Data, employment 2025-09 v3 (data.opm.gov/api/v1/files/employment/2025/09/3)"
FWS,9934,THIRD ASSISTANT ENGINEER,1,202509,"OPM Federal Workforce Data, employment 2025-09 v3 (data.opm.gov/api/v1/files/employment/2025/09/3)"
FWS,1799,EDUCATION STUDENT TRAINEE,1,202509,"OPM Federal Workforce Data, employment 2025-09 v3 (data.opm.gov/api/v1/files/employment/2025/09/3)"
FWS,7404,COOKING,1,202509,"OPM Federal Workforce Data, employment 2025-09 v3 (data.opm.gov/api/v1/files/employment/2025/09/3)"
FWS,5725,CRANE OPERATING,1,202509,"OPM Federal Workforce Data, employment 2025-09 v3 (data.opm.gov/api/v1/files/employment/2025/09/3)"
FWS,1805,INVESTIGATIVE ANALYSIS,1,202509,"OPM Federal Workforce Data, employment 2025-09 v3 (data.opm.gov/api/v1/files/employment/2025/09/3)"
NPS,0025,PARK RANGER,3991,202509,"OPM Federal Workforce Data, employment 2025-09 v3 (data.opm.gov/api/v1/files/employment/2025/09/3)"
NPS,4749,MAINTENANCE MECHANIC,2681,202509,"OPM Federal Workforce Data, employment 2025-09 v3 (data.opm.gov/api/v1/files/employment/2025/09/3)"
NPS,0404,BIOLOGICAL SCIENCE TECHNICIAN,900,202509,"OPM Federal Workforce Data, employment 2025-09 v3 (data.opm.gov/api/v1/files/employment/2025/09/3)"
NPS,0503,FINANCIAL CLERICAL AND ASSISTANCE,876,202509,"OPM Federal Workforce Data, employment 2025-09 v3 (data.opm.gov/api/v1/files/employment/2025/09/3)"
NPS,0090,GUIDE,763,202509,"OPM Federal Workforce Data, employment 2025-09 v3 (data.opm.gov/api/v1/files/employment/2025/09/3)"
NPS,0303,MISCELLANEOUS CLERK AND ASSISTANT,680,202509,"OPM Federal Workforce Data, employment 2025-09 v3 (data.opm.gov/api/v1/files/employment/2025/09/3)"
NPS,0401,GENERAL NATURAL RESOURCES MANAGEMENT AND BIOLOGICAL SCIENCES,568,202509,"OPM Federal Workforce Data, employment 2025-09 v3 (data.opm.gov/api/v1/files/employment/2025/09/3)"
NPS,0083,POLICE,488,202509,"OPM Federal Workforce Data, employment 2025-09 v3 (data.opm.gov/api/v1/files/employment/2025/09/3)"
NPS,0456,WILDLAND FIRE MANAGEMENT,392,202509,"OPM Federal Workforce Data, employment 2025-09 v3 (data.opm.gov/api/v1/files/employment/2025/09/3)"
NPS,1640,FACILITY OPERATIONS SERVICES,381,202509,"OPM Federal Workforce Data, employment 2025-09 v3 (data.opm.gov/api/v1/files/employment/2025/09/3)"
NPS,3502,LABORING,380,202509,"OPM Federal Workforce Data, employment 2025-09 v3 (data.opm.gov/api/v1/files/employment/2025/09/3)"
NPS,0301,MISCELLANEOUS ADMINISTRATION AND PROGRAM,362,202509,"OPM Federal Workforce Data, employment 2025-09 v3 (data.opm.gov/api/v1/files/employment/2025/09/3)"
NPS,0560,BUDGET ANALYSIS,321,202509,"OPM Federal Workforce Data, employment 2025-09 v3 (data.opm.gov/api/v1/files/employment/2025/09/3)"
NPS,0193,ARCHEOLOGY,273,202509,"OPM Federal Workforce Data, employment 2025-09 v3 (data.opm.gov/api/v1/files/employment/2025/09/3)"
NPS,5716,ENGINEERING EQUIPMENT OPERATING,249,202509,"OPM Federal Workforce Data, employment 2025-09 v3 (data.opm.gov/api/v1/files/employment/2025/09/3)"
NPS,2151,DISPATCHING,230,202509,"OPM Federal Workforce Data, employment 2025-09 v3 (data.opm.gov/api/v1/files/employment/2025/09/3)"
NPS,0408,ECOLOGY,217,202509,"OPM Federal Workforce Data, employment 2025-09 v3 (data.opm.gov/api/v1/files/employment/2025/09/3)"
NPS,1101,GENERAL BUSINESS AND INDUSTRY,199,202509,"OPM Federal Workforce Data, employment 2025-09 v3 (data.opm.gov/api/v1/files/employment/2025/09/3)"
NPS,1601,"EQUIPMENT FACILITIES, AND SERVICES",194,202509,"OPM Federal Workforce Data, employment 2025-09 v3 (data.opm.gov/api/v1/files/employment/2025/09/3)"
NPS,0341,ADMINISTRATIVE OFFICER,190,202509,"OPM Federal Workforce Data, employment 2025-09 v3 (data.opm.gov/api/v1/files/employment/2025/09/3)"
NPS,3566,CUSTODIAL WORKING,175,202509,"OPM Federal Workforce Data, employment 2025-09 v3 (data.opm.gov/api/v1/files/employment/2025/09/3)"
NPS,0343,MANAGEMENT AND PROGRAM ANALYSIS,159,202509,"OPM Federal Workforce Data, employment 2025-09 v3 (data.opm.gov/api/v1/files/employment/2025/09/3)"
NPS,4742,UTILITY SYSTEMS REPAIRING-OPERATING,156,202509,"OPM Federal Workforce Data, employment 2025-09 v3 (data.opm.gov/api/v1/files/employment/2025/09/3)"
NPS,1015,MUSEUM CURATOR,149,202509,"OPM Federal Workforce Data, employment 2025-09 v3 (data.opm.gov/api/v1/files/employment/2025/09/3)"
NPS,0807,LANDSCAPE ARCHITECTURE,146,202509,"OPM Federal Workforce Data, employment 2025-09 v3 (data.opm.gov/api/v1/files/employment/2025/09/3)"
NPS,0023,OUTDOOR RECREATION PLANNING,138,202509,"OPM Federal Workforce Data, employment 2025-09 v3 (data.opm.gov/api/v1/files/employment/2025/09/3)"
NPS,0028,ENVIRONMENTAL PROTECTION SPECIALIST,136,202509,"OPM Federal Workforce Data, employment 2025-09 v3 (data.opm.gov/api/v1/files/employment/2025/09/3)"
NPS,0808,ARCHITECTURE,131,202509,"OPM Federal Workforce Data, employment 2025-09 v3 (data.opm.gov/api/v1/files/employment/2025/09/3)"
NPS,5703,MOTOR VEHICLE OPERATING,131,202509,"OPM Federal Workforce Data, employment 2025-09 v3 (data.opm.gov/api/v1/files/employment/2025/09/3)"
NPS,0170,HISTORY,122,202509,"OPM Federal Workforce Data, employment 2025-09 v3 (data.opm.gov/api/v1/files/employment/2025/09/3)"
NPS,1010,EXHIBITS SPECIALIST,114,202509,"OPM Federal Workforce Data, employment 2025-09 v3 (data.opm.gov/api/v1/files/employment/2025/09/3)"
NPS,1016,MUSEUM SPECIALIST AND TECHNICIAN,111,202509,"OPM Federal Workforce Data, employment 2025-09 v3 (data.opm.gov/api/v1/files/employment/2025/09/3)"
NPS,0810,CIVIL ENGINEERING,103,202509,"OPM Federal Workforce Data, employment 2025-09 v3 (data.opm.gov/api/v1/files/employment/2025/09/3)"
NPS,3603,MASONRY,101,202509,"OPM Federal Workforce Data, employment 2025-09 v3 (data.opm.gov/api/v1/files/employment/2025/09/3)"
NPS,0462,FORESTRY TECHNICIAN,101,202509,"OPM Federal Workforce Data, employment 2025-09 v3 (data.opm.gov/api/v1/files/employment/2025/09/3)"
NPS,0501,FINANCIAL ADMINISTRATION AND PROGRAM,98,202509,"OPM Federal Workforce Data, employment 2025-09 v3 (data.opm.gov/api/v1/files/employment/2025/09/3)"
NPS,0801,GENERAL ENGINEERING,92,202509,"OPM Federal Workforce Data, employment 2025-09 v3 (data.opm.gov/api/v1/files/employment/2025/09/3)"
NPS,5003,GARDENING,90,202509,"OPM Federal Workforce Data, employment 2025-09 v3 (data.opm.gov/api/v1/files/employment/2025/09/3)"
NPS,0102,SOCIAL SCIENCE AID AND TECHNICIAN,87,202509,"OPM Federal Workforce Data, employment 2025-09 v3 (data.opm.gov/api/v1/files/employment/2025/09/3)"
NPS,1084,VISUAL INFORMATION,86,202509,"OPM Federal Workforce Data, employment 2025-09 v3 (data.opm.gov/api/v1/files/employment/2025/09/3)"
NPS,0018,SAFETY AND OCCUPATIONAL HEALTH MANAGEMENT,85,202509,"OPM Federal Workforce Data, employment 2025-09 v3 (data.opm.gov/api/v1/files/employment/2025/09/3)"
NPS,1702,EDUCATION AND TRAINING TECHNICIAN,83,202509,"OPM Federal Workforce Data, employment 2025-09 v3 (data.opm.gov/api/v1/files/employment/2025/09/3)"
NPS,0340,PROGRAM MANAGEMENT,83,202509,"OPM Federal Workforce Data, employment 2025-09 v3 (data.opm.gov/api/v1/files/employment/2025/09/3)"
NPS,5705,TRACTOR OPERATING,78,202509,"OPM Federal Workforce Data, employment 2025-09 v3 (data.opm.gov/api/v1/files/employment/2025/09/3)"
NPS,4607,CARPENTRY,75,202509,"OPM Federal Workforce Data, employment 2025-09 v3 (data.opm.gov/api/v1/files/employment/2025/09/3)"
NPS,0486,WILDLIFE BIOLOGY,71,202509,"OPM Federal Workforce Data, employment 2025-09 v3 (data.opm.gov/api/v1/files/employment/2025/09/3)"
NPS,4701,MISC GENERAL MAINTENANCE & OPERATIONS WORK,69,202509,"OPM Federal Workforce Data, employment 2025-09 v3 (data.opm.gov/api/v1/files/employment/2025/09/3)"
NPS,1301,GENERAL PHYSICAL SCIENCE,68,202509,"OPM Federal Workforce Data, employment 2025-09 v3 (data.opm.gov/api/v1/files/employment/2025/09/3)"
NPS,5001,MISCELLANEOUS PLANT AND ANIMAL WORK,67,202509,"OPM Federal Workforce Data, employment 2025-09 v3 (data.opm.gov/api/v1/files/employment/2025/09/3)"
NPS,1170,REALTY,64,202509,"OPM Federal Workforce Data, employment 2025-09 v3 (data.opm.gov/api/v1/files/employment/2025/09/3)"
NPS,1712,TRAINING INSTRUCTION,61,202509,"OPM Federal Workforce Data, employment 2025-09 v3 (data.opm.gov/api/v1/files/employment/2025/09/3)"
NPS,5803,HEAVY MOBILE EQUIPMENT MECHANIC,59,202509,"OPM Federal Workforce Data, employment 2025-09 v3 (data.opm.gov/api/v1/files/employment/2025/09/3)"
NPS,2210,INFORMATION TECHNOLOGY MANAGEMENT,56,202509,"OPM Federal Workforce Data, employment 2025-09 v3 (data.opm.gov/api/v1/files/employment/2025/09/3)"
NPS,0150,GEOGRAPHY,55,202509,"OPM Federal Workforce Data, employment 2025-09 v3 (data.opm.gov/api/v1/files/employment/2025/09/3)"
NPS,5823,AUTOMOTIVE MECHANIC,53,202509,"OPM Federal Workforce Data, employment 2025-09 v3 (data.opm.gov/api/v1/files/employment/2025/09/3)"
NPS,0391,TELECOMMUNICATIONS,52,202509,"OPM Federal Workforce Data, employment 2025-09 v3 (data.opm.gov/api/v1/files/employment/2025/09/3)"
NPS,1603,"EQUIPMENT, FACILITIES, AND SERVICES ASSISTANCE",51,202509,"OPM Federal Workforce Data, employment 2025-09 v3 (data.opm.gov/api/v1/files/employment/2025/09/3)"
NPS,5042,TREE TRIMMING AND REMOVING,48,202509,"OPM Federal Workforce Data, employment 2025-09 v3 (data.opm.gov/api/v1/files/employment/2025/09/3)"
NPS,0640,HEALTH AID AND TECHNICIAN,48,202509,"OPM Federal Workforce Data, employment 2025-09 v3 (data.opm.gov/api/v1/files/employment/2025/09/3)"
NPS,0561,BUDGET CLERICAL AND ASSISTANCE,47,202509,"OPM Federal Workforce Data, employment 2025-09 v3 (data.opm.gov/api/v1/files/employment/2025/09/3)"
NPS,0020,COMMUNITY PLANNING,43,202509,"OPM Federal Workforce Data, employment 2025-09 v3 (data.opm.gov/api/v1/files/employment/2025/09/3)"
NPS,2805,ELECTRICIAN,41,202509,"OPM Federal Workforce Data, employment 2025-09 v3 (data.opm.gov/api/v1/files/employment/2025/09/3)"
NPS,1311,PHYSICAL SCIENCE TECHNICIAN,40,202509,"OPM Federal Workforce Data, employment 2025-09 v3 (data.opm.gov/api/v1/files/employment/2025/09/3)"
NPS,1001,GENERAL ARTS AND INFORMATION,38,202509,"OPM Federal Workforce Data, employment 2025-09 v3 (data.opm.gov/api/v1/files/employment/2025/09/3)"
NPS,0099,GENERAL STUDENT TRAINEE,36,202509,"OPM Federal Workforce Data, employment 2025-09 v3 (data.opm.gov/api/v1/files/employment/2025/09/3)"
NPS,5786,SMALL CRAFT OPERATING,35,202509,"OPM Federal Workforce Data, employment 2025-09 v3 (data.opm.gov/api/v1/files/employment/2025/09/3)"
NPS,0190,GENERAL ANTHROPOLOGY,34,202509,"OPM Federal Workforce Data, employment 2025-09 v3 (data.opm.gov/api/v1/files/employment/2025/09/3)"
NPS,5406,UTILITY SYSTEMS OPERATING,33,202509,"OPM Federal Workforce Data, employment 2025-09 v3 (data.opm.gov/api/v1/files/employment/2025/09/3)"
NPS,1420,ARCHIVIST,33,202509,"OPM Federal Workforce Data, employment 2025-09 v3 (data.opm.gov/api/v1/files/employment/2025/09/3)"
NPS,1315,HYDROLOGY,32,202509,"OPM Federal Workforce Data, employment 2025-09 v3 (data.opm.gov/api/v1/files/employment/2025/09/3)"
NPS,0809,CONSTRUCTION CONTROL TECHNICAL,31,202509,"OPM Federal Workforce Data, employment 2025-09 v3 (data.opm.gov/api/v1/files/employment/2025/09/3)"
NPS,1350,GEOLOGY,30,202509,"OPM Federal Workforce Data, employment 2025-09 v3 (data.opm.gov/api/v1/files/employment/2025/09/3)"
NPS,1811,CRIMINAL INVESTIGATION,29,202509,"OPM Federal Workforce Data, employment 2025-09 v3 (data.opm.gov/api/v1/files/employment/2025/09/3)"
NPS,0482,FISH BIOLOGY,28,202509,"OPM Federal Workforce Data, employment 2025-09 v3 (data.opm.gov/api/v1/files/employment/2025/09/3)"
NPS,0318,SECRETARY,27,202509,"OPM Federal Workforce Data, employment 2025-09 v3 (data.opm.gov/api/v1/files/employment/2025/09/3)"
NPS,1370,CARTOGRAPHY,26,202509,"OPM Federal Workforce Data, employment 2025-09 v3 (data.opm.gov/api/v1/files/employment/2025/09/3)"
NPS,0101,SOCIAL SCIENCE,25,202509,"OPM Federal Workforce Data, employment 2025-09 v3 (data.opm.gov/api/v1/files/employment/2025/09/3)"
NPS,2101,TRANSPORTATION SPECIALIST,24,202509,"OPM Federal Workforce Data, employment 2025-09 v3 (data.opm.gov/api/v1/files/employment/2025/09/3)"
NPS,5026,PEST CONTROLLING,23,202509,"OPM Federal Workforce Data, employment 2025-09 v3 (data.opm.gov/api/v1/files/employment/2025/09/3)"
NPS,2005,SUPPLY CLERICAL AND TECHNICIAN,23,202509,"OPM Federal Workforce Data, employment 2025-09 v3 (data.opm.gov/api/v1/files/employment/2025/09/3)"
NPS,0430,BOTANY,22,202509,"OPM Federal Workforce Data, employment 2025-09 v3 (data.opm.gov/api/v1/files/employment/2025/09/3)"
NPS,4102,PAINTING,20,202509,"OPM Federal Workforce Data, employment 2025-09 v3 (data.opm.gov/api/v1/files/employment/2025/09/3)"
NPS,1371,CARTOGRAPHIC TECHNICIAN,20,202509,"OPM Federal Workforce Data, employment 2025-09 v3 (data.opm.gov/api/v1/files/employment/2025/09/3)"
NPS,0081,FIRE PROTECTION AND PREVENTION,19,202509,"OPM Federal Workforce Data, employment 2025-09 v3 (data.opm.gov/api/v1/files/employment/2025/09/3)"
NPS,0189,RECREATION AID AND ASSISTANT,19,202509,"OPM Federal Workforce Data, employment 2025-09 v3 (data.opm.gov/api/v1/files/employment/2025/09/3)"
NPS,0085,SECURITY GUARD,19,202509,"OPM Federal Workforce Data, employment 2025-09 v3 (data.opm.gov/api/v1/files/employment/2025/09/3)"
NPS,0306,GOVERNMENT INFORMATION SPECIALIST,17,202509,"OPM Federal Workforce Data, employment 2025-09 v3 (data.opm.gov/api/v1/files/employment/2025/09/3)"
NPS,1421,ARCHIVES TECHNICIAN,16,202509,"OPM Federal Workforce Data, employment 2025-09 v3 (data.opm.gov/api/v1/files/employment/2025/09/3)"
NPS,5048,ANIMAL CARETAKING,16,202509,"OPM Federal Workforce Data, employment 2025-09 v3 (data.opm.gov/api/v1/files/employment/2025/09/3)"
NPS,1173,HOUSING MANAGEMENT,15,202509,"OPM Federal Workforce Data, employment 2025-09 v3 (data.opm.gov/api/v1/files/employment/2025/09/3)"
NPS,4104,SIGN PAINTING,15,202509,"OPM Federal Workforce Data, employment 2025-09 v3 (data.opm.gov/api/v1/files/employment/2025/09/3)"
NPS,5409,WATER TREATMENT PLANT OPERATING,14,202509,"OPM Federal Workforce Data, employment 2025-09 v3 (data.opm.gov/api/v1/files/employment/2025/09/3)"
NPS,1316,HYDROLOGIC TECHNICIAN,14,202509,"OPM Federal Workforce Data, employment 2025-09 v3 (data.opm.gov/api/v1/files/employment/2025/09/3)"
NPS,4206,PLUMBING,14,202509,"OPM Federal Workforce Data, employment 2025-09 v3 (data.opm.gov/api/v1/files/employment/2025/09/3)"
NPS,1701,GENERAL EDUCATION AND TRAINING,14,202509,"OPM Federal Workforce Data, employment 2025-09 v3 (data.opm.gov/api/v1/files/employment/2025/09/3)"
NPS,4605,WOOD CRAFTING,12,202509,"OPM Federal Workforce Data, employment 2025-09 v3 (data.opm.gov/api/v1/files/employment/2025/09/3)"
NPS,2003,SUPPLY PROGRAM MANAGEMENT,11,202509,"OPM Federal Workforce Data, employment 2025-09 v3 (data.opm.gov/api/v1/files/employment/2025/09/3)"
NPS,1035,PUBLIC AFFAIRS,11,202509,"OPM Federal Workforce Data, employment 2025-09 v3 (data.opm.gov/api/v1/files/employment/2025/09/3)"
NPS,0437,HORTICULTURE,11,202509,"OPM Federal Workforce Data, employment 2025-09 v3 (data.opm.gov/api/v1/files/employment/2025/09/3)"
NPS,0802,ENGINEERING TECHNICAL,11,202509,"OPM Federal Workforce Data, employment 2025-09 v3 (data.opm.gov/api/v1/files/employment/2025/09/3)"
NPS,5788,DECKHAND,11,202509,"OPM Federal Workforce Data, employment 2025-09 v3 (data.opm.gov/api/v1/files/employment/2025/09/3)"
NPS,0499,BIOLOGICAL SCIENCE STUDENT TRAINEE,10,202509,"OPM Federal Workforce Data, employment 2025-09 v3 (data.opm.gov/api/v1/files/employment/2025/09/3)"
NPS,0326,OFFICE AUTOMATION CLERICAL AND ASSISTANCE,9,202509,"OPM Federal Workforce Data, employment 2025-09 v3 (data.opm.gov/api/v1/files/employment/2025/09/3)"
NPS,2001,GENERAL SUPPLY,9,202509,"OPM Federal Workforce Data, employment 2025-09 v3 (data.opm.gov/api/v1/files/employment/2025/09/3)"
NPS,1373,LAND SURVEYING,9,202509,"OPM Federal Workforce Data, employment 2025-09 v3 (data.opm.gov/api/v1/files/employment/2025/09/3)"
NPS,5701,MISC TRANSPORTATION/MOBILE EQUIPMENT OPER,9,202509,"OPM Federal Workforce Data, employment 2025-09 v3 (data.opm.gov/api/v1/files/employment/2025/09/3)"
NPS,0830,MECHANICAL ENGINEERING,8,202509,"OPM Federal Workforce Data, employment 2025-09 v3 (data.opm.gov/api/v1/files/employment/2025/09/3)"
NPS,5334,MARINE MACHINERY MECHANIC,8,202509,"OPM Federal Workforce Data, employment 2025-09 v3 (data.opm.gov/api/v1/files/employment/2025/09/3)"
NPS,0346,LOGISTICS MANAGEMENT,7,202509,"OPM Federal Workforce Data, employment 2025-09 v3 (data.opm.gov/api/v1/files/employment/2025/09/3)"
NPS,0110,ECONOMIST,7,202509,"OPM Federal Workforce Data, employment 2025-09 v3 (data.opm.gov/api/v1/files/employment/2025/09/3)"
NPS,0080,SECURITY ADMINISTRATION,7,202509,"OPM Federal Workforce Data, employment 2025-09 v3 (data.opm.gov/api/v1/files/employment/2025/09/3)"
NPS,5306,AIR CONDITIONING EQUIPMENT MECHANIC,7,202509,"OPM Federal Workforce Data, employment 2025-09 v3 (data.opm.gov/api/v1/files/employment/2025/09/3)"
NPS,2181,AIRCRAFT OPERATION,7,202509,"OPM Federal Workforce Data, employment 2025-09 v3 (data.opm.gov/api/v1/files/employment/2025/09/3)"
NPS,0819,ENVIRONMENTAL ENGINEERING,6,202509,"OPM Federal Workforce Data, employment 2025-09 v3 (data.opm.gov/api/v1/files/employment/2025/09/3)"
NPS,4737,GENERAL EQUIPMENT MECHANIC,6,202509,"OPM Federal Workforce Data, employment 2025-09 v3 (data.opm.gov/api/v1/files/employment/2025/09/3)"
NPS,0856,ELECTRONICS TECHNICAL,6,202509,"OPM Federal Workforce Data, employment 2025-09 v3 (data.opm.gov/api/v1/files/employment/2025/09/3)"
NPS,1801,"GENERAL INSPECTION, INVESTIGATION, ENFORCEMENT, AND COMPLIANCE SERIES",6,202509,"OPM Federal Workforce Data, employment 2025-09 v3 (data.opm.gov/api/v1/files/employment/2025/09/3)"
NPS,1160,FINANCIAL ANALYSIS,6,202509,"OPM Federal Workforce Data, employment 2025-09 v3 (data.opm.gov/api/v1/files/employment/2025/09/3)"
NPS,5408,SEWAGE DISPOSAL PLANT OPERATING,5,202509,"OPM Federal Workforce Data, employment 2025-09 v3 (data.opm.gov/api/v1/files/employment/2025/09/3)"
NPS,1670,EQUIPMENT SERVICES,5,202509,"OPM Federal Workforce Data, employment 2025-09 v3 (data.opm.gov/api/v1/files/employment/2025/09/3)"
NPS,1340,METEOROLOGY,5,202509,"OPM Federal Workforce Data, employment 2025-09 v3 (data.opm.gov/api/v1/files/employment/2025/09/3)"
NPS,0460,FORESTRY,5,202509,"OPM Federal Workforce Data, employment 2025-09 v3 (data.opm.gov/api/v1/files/employment/2025/09/3)"
NPS,0828,CONSTRUCTION ANALYST,5,202509,"OPM Federal Workforce Data, employment 2025-09 v3 (data.opm.gov/api/v1/files/employment/2025/09/3)"
NPS,3703,WELDING,5,202509,"OPM Federal Workforce Data, employment 2025-09 v3 (data.opm.gov/api/v1/files/employment/2025/09/3)"
NPS,1720,EDUCATION PROGRAM,5,202509,"OPM Federal Workforce Data, employment 2025-09 v3 (data.opm.gov/api/v1/files/employment/2025/09/3)"
NPS,5210,RIGGING,5,202509,"OPM Federal Workforce Data, employment 2025-09 v3 (data.opm.gov/api/v1/files/employment/2025/09/3)"
NPS,7404,COOKING,4,202509,"OPM Federal Workforce Data, employment 2025-09 v3 (data.opm.gov/api/v1/files/employment/2025/09/3)"
NPS,5801,MISC TRANSPORTATION/MOBILE EQUIPMT MAINTNE,4,202509,"OPM Federal Workforce Data, employment 2025-09 v3 (data.opm.gov/api/v1/files/employment/2025/09/3)"
NPS,8610,SMALL ENGINE MECHANIC,4,202509,"OPM Federal Workforce Data, employment 2025-09 v3 (data.opm.gov/api/v1/files/employment/2025/09/3)"
NPS,2810,HIGH VOLTAGE ELECTRICIAN,4,202509,"OPM Federal Workforce Data, employment 2025-09 v3 (data.opm.gov/api/v1/files/employment/2025/09/3)"
NPS,0305,MAIL AND FILE,4,202509,"OPM Federal Workforce Data, employment 2025-09 v3 (data.opm.gov/api/v1/files/employment/2025/09/3)"
NPS,5725,CRANE OPERATING,4,202509,"OPM Federal Workforce Data, employment 2025-09 v3 (data.opm.gov/api/v1/files/employment/2025/09/3)"
NPS,5782,SHIP OPERATING,4,202509,"OPM Federal Workforce Data, employment 2025-09 v3 (data.opm.gov/api/v1/files/employment/2025/09/3)"
NPS,0701,VETERINARY MEDICAL SCIENCE,4,202509,"OPM Federal Workforce Data, employment 2025-09 v3 (data.opm.gov/api/v1/files/employment/2025/09/3)"
NPS,1560,DATA SCIENCE SERIES,4,202509,"OPM Federal Workforce Data, employment 2025-09 v3 (data.opm.gov/api/v1/files/employment/2025/09/3)"
NPS,6907,MATERIALS HANDLER,4,202509,"OPM Federal Workforce Data, employment 2025-09 v3 (data.opm.gov/api/v1/files/employment/2025/09/3)"
NPS,5301,MISC INDUSTRIAL EQUIPMENT MAINTENANCE,4,202509,"OPM Federal Workforce Data, employment 2025-09 v3 (data.opm.gov/api/v1/files/employment/2025/09/3)"
NPS,0855,ELECTRONICS ENGINEERING,4,202509,"OPM Federal Workforce Data, employment 2025-09 v3 (data.opm.gov/api/v1/files/employment/2025/09/3)"
NPS,1412,TECHNICAL INFORMATION SERVICES,3,202509,"OPM Federal Workforce Data, employment 2025-09 v3 (data.opm.gov/api/v1/files/employment/2025/09/3)"
NPS,1071,AUDIOVISUAL PRODUCTION,3,202509,"OPM Federal Workforce Data, employment 2025-09 v3 (data.opm.gov/api/v1/files/employment/2025/09/3)"
NPS,*,INVALID,3,202509,"OPM Federal Workforce Data, employment 2025-09 v3 (data.opm.gov/api/v1/files/employment/2025/09/3)"
NPS,5737,LOCOMOTIVE ENGINEERING,3,202509,"OPM Federal Workforce Data, employment 2025-09 v3 (data.opm.gov/api/v1/files/employment/2025/09/3)"
NPS,0335,COMPUTER CLERK AND ASSISTANT,3,202509,"OPM Federal Workforce Data, employment 2025-09 v3 (data.opm.gov/api/v1/files/employment/2025/09/3)"
NPS,0505,FINANCIAL MANAGEMENT,3,202509,"OPM Federal Workforce Data, employment 2025-09 v3 (data.opm.gov/api/v1/files/employment/2025/09/3)"
NPS,2606,ELECTRONIC INDUSTRIAL CONTROLS MECHANIC,3,202509,"OPM Federal Workforce Data, employment 2025-09 v3 (data.opm.gov/api/v1/files/employment/2025/09/3)"
NPS,0089,EMERGENCY MANAGEMENT SPECIALIST,3,202509,"OPM Federal Workforce Data, employment 2025-09 v3 (data.opm.gov/api/v1/files/employment/2025/09/3)"
NPS,0455,RANGE TECHNICIAN,3,202509,"OPM Federal Workforce Data, employment 2025-09 v3 (data.opm.gov/api/v1/files/employment/2025/09/3)"
NPS,0342,SUPPORT SERVICES ADMINISTRATION,3,202509,"OPM Federal Workforce Data, employment 2025-09 v3 (data.opm.gov/api/v1/files/employment/2025/09/3)"
NPS,0850,ELECTRICAL ENGINEERING,3,202509,"OPM Federal Workforce Data, employment 2025-09 v3 (data.opm.gov/api/v1/files/employment/2025/09/3)"
NPS,0199,SOCIAL SCIENCE STUDENT TRAINEE,3,202509,"OPM Federal Workforce Data, employment 2025-09 v3 (data.opm.gov/api/v1/files/employment/2025/09/3)"
NPS,1411,LIBRARY TECHNICIAN,3,202509,"OPM Federal Workforce Data, employment 2025-09 v3 (data.opm.gov/api/v1/files/employment/2025/09/3)"
NPS,1106,PROCUREMENT CLERICAL AND TECHNICIAN,2,202509,"OPM Federal Workforce Data, employment 2025-09 v3 (data.opm.gov/api/v1/files/employment/2025/09/3)"
NPS,1530,STATISTICS,2,202509,"OPM Federal Workforce Data, employment 2025-09 v3 (data.opm.gov/api/v1/files/employment/2025/09/3)"
NPS,1082,WRITING AND EDITING,2,202509,"OPM Federal Workforce Data, employment 2025-09 v3 (data.opm.gov/api/v1/files/employment/2025/09/3)"
NPS,0180,PSYCHOLOGY,2,202509,"OPM Federal Workforce Data, employment 2025-09 v3 (data.opm.gov/api/v1/files/employment/2025/09/3)"
NPS,5201,MISCELLANEOUS OCCUPATIONS,2,202509,"OPM Federal Workforce Data, employment 2025-09 v3 (data.opm.gov/api/v1/files/employment/2025/09/3)"
NPS,1810,GENERAL INVESTIGATION,2,202509,"OPM Federal Workforce Data, employment 2025-09 v3 (data.opm.gov/api/v1/files/employment/2025/09/3)"
NPS,0344,MANAGEMENT AND PROGRAM CLERICAL AND ASSISTANCE,2,202509,"OPM Federal Workforce Data, employment 2025-09 v3 (data.opm.gov/api/v1/files/employment/2025/09/3)"
NPS,0525,ACCOUNTING TECHNICIAN,2,202509,"OPM Federal Workforce Data, employment 2025-09 v3 (data.opm.gov/api/v1/files/employment/2025/09/3)"
NPS,2102,TRANSPORTATION CLERK AND ASSISTANT,2,202509,"OPM Federal Workforce Data, employment 2025-09 v3 (data.opm.gov/api/v1/files/employment/2025/09/3)"
NPS,5220,SHIPWRIGHT,2,202509,"OPM Federal Workforce Data, employment 2025-09 v3 (data.opm.gov/api/v1/files/employment/2025/09/3)"
NPS,0390,TELECOMMUNICATIONS PROCESSING,2,202509,"OPM Federal Workforce Data, employment 2025-09 v3 (data.opm.gov/api/v1/files/employment/2025/09/3)"
NPS,2604,ELECTRONICS MECHANIC,2,202509,"OPM Federal Workforce Data, employment 2025-09 v3 (data.opm.gov/api/v1/files/employment/2025/09/3)"
NPS,5738,RAILROAD MAINTENANCE VEHICLE OPERATING,2,202509,"OPM Federal Workforce Data, employment 2025-09 v3 (data.opm.gov/api/v1/files/employment/2025/09/3)"
NPS,6904,TOOLS AND PARTS ATTENDING,2,202509,"OPM Federal Workforce Data, employment 2025-09 v3 (data.opm.gov/api/v1/files/employment/2025/09/3)"
NPS,1171,APPRAISING,2,202509,"OPM Federal Workforce Data, employment 2025-09 v3 (data.opm.gov/api/v1/files/employment/2025/09/3)"
NPS,1105,PURCHASING,2,202509,"OPM Federal Workforce Data, employment 2025-09 v3 (data.opm.gov/api/v1/files/employment/2025/09/3)"
NPS,0308,RECORDS AND INFORMATION MANAGEMENT,2,202509,"OPM Federal Workforce Data, employment 2025-09 v3 (data.opm.gov/api/v1/files/employment/2025/09/3)"
NPS,1410,LIBRARIAN,2,202509,"OPM Federal Workforce Data, employment 2025-09 v3 (data.opm.gov/api/v1/files/employment/2025/09/3)"
NPS,0019,SAFETY TECHNICIAN,2,202509,"OPM Federal Workforce Data, employment 2025-09 v3 (data.opm.gov/api/v1/files/employment/2025/09/3)"
NPS,1320,CHEMISTRY,1,202509,"OPM Federal Workforce Data, employment 2025-09 v3 (data.opm.gov/api/v1/files/employment/2025/09/3)"
NPS,0399,ADMINISTRATION AND OFFICE SUPPORT STUDENT TRAINEE,1,202509,"OPM Federal Workforce Data, employment 2025-09 v3 (data.opm.gov/api/v1/files/employment/2025/09/3)"
NPS,2854,ELECTRICAL EQUIPMENT REPAIRER,1,202509,"OPM Federal Workforce Data, employment 2025-09 v3 (data.opm.gov/api/v1/files/employment/2025/09/3)"
NPS,0086,SECURITY CLERICAL AND ASSISTANCE,1,202509,"OPM Federal Workforce Data, employment 2025-09 v3 (data.opm.gov/api/v1/files/employment/2025/09/3)"
NPS,4804,LOCKSMITHING,1,202509,"OPM Federal Workforce Data, employment 2025-09 v3 (data.opm.gov/api/v1/files/employment/2025/09/3)"
NPS,5002,FARMING,1,202509,"OPM Federal Workforce Data, employment 2025-09 v3 (data.opm.gov/api/v1/files/employment/2025/09/3)"
NPS,3101,MISC FABRIC AND LEATHER WORK,1,202509,"OPM Federal Workforce Data, employment 2025-09 v3 (data.opm.gov/api/v1/files/employment/2025/09/3)"
NPS,1060,PHOTOGRAPHY,1,202509,"OPM Federal Workforce Data, employment 2025-09 v3 (data.opm.gov/api/v1/files/employment/2025/09/3)"
NPS,0881,PETROLEUM ENGINEERING,1,202509,"OPM Federal Workforce Data, employment 2025-09 v3 (data.opm.gov/api/v1/files/employment/2025/09/3)"
NPS,5309,HEATING & BOILER PLANT EQUIPMT MECHANIC,1,202509,"OPM Federal Workforce Data, employment 2025-09 v3 (data.opm.gov/api/v1/files/employment/2025/09/3)"
NPS,5323,OILING AND GREASING,1,202509,"OPM Federal Workforce Data, employment 2025-09 v3 (data.opm.gov/api/v1/files/employment/2025/09/3)"
NPS,5876,ELECTROMOTIVE EQUIPMENT MECHANIC,1,202509,"OPM Federal Workforce Data, employment 2025-09 v3 (data.opm.gov/api/v1/files/employment/2025/09/3)"
NPS,0880,MINING ENGINEERING,1,202509,"OPM Federal Workforce Data, employment 2025-09 v3 (data.opm.gov/api/v1/files/employment/2025/09/3)"
NPS,5313,ELEVATOR MECHANIC,1,202509,"OPM Federal Workforce Data, employment 2025-09 v3 (data.opm.gov/api/v1/files/employment/2025/09/3)"
NPS,3806,SHEET METAL MECHANIC,1,202509,"OPM Federal Workforce Data, employment 2025-09 v3 (data.opm.gov/api/v1/files/employment/2025/09/3)"
NPS,1104,PROPERTY DISPOSAL,1,202509,"OPM Federal Workforce Data, employment 2025-09 v3 (data.opm.gov/api/v1/files/employment/2025/09/3)"
NPS,1630,CEMETERY ADMINISTRATION SERVICES,1,202509,"OPM Federal Workforce Data, employment 2025-09 v3 (data.opm.gov/api/v1/files/employment/2025/09/3)"
NPS,0690,INDUSTRIAL HYGIENE,1,202509,"OPM Federal Workforce Data, employment 2025-09 v3 (data.opm.gov/api/v1/files/employment/2025/09/3)"
NPS,0688,SANITARIAN,1,202509,"OPM Federal Workforce Data, employment 2025-09 v3 (data.opm.gov/api/v1/files/employment/2025/09/3)"
NPS,2150,TRANSPORTATION OPERATIONS,1,202509,"OPM Federal Workforce Data, employment 2025-09 v3 (data.opm.gov/api/v1/files/employment/2025/09/3)"
NPS,0186,SOCIAL SERVICES AID AND ASSISTANT,1,202509,"OPM Federal Workforce Data, employment 2025-09 v3 (data.opm.gov/api/v1/files/employment/2025/09/3)"
NPS,0986,LEGAL ASSISTANCE,1,202509,"OPM Federal Workforce Data, employment 2025-09 v3 (data.opm.gov/api/v1/files/employment/2025/09/3)"
NPS,0899,ENGINEERING AND ARCHITECTURE STUDENT TRAINEE,1,202509,"OPM Federal Workforce Data, employment 2025-09 v3 (data.opm.gov/api/v1/files/employment/2025/09/3)"
NPS,0454,RANGELAND MANAGEMENT,1,202509,"OPM Federal Workforce Data, employment 2025-09 v3 (data.opm.gov/api/v1/files/employment/2025/09/3)"
NPS,4741,GENERAL EQUIPMENT OPERATING,1,202509,"OPM Federal Workforce Data, employment 2025-09 v3 (data.opm.gov/api/v1/files/employment/2025/09/3)"
NPS,3414,MACHINING,1,202509,"OPM Federal Workforce Data, employment 2025-09 v3 (data.opm.gov/api/v1/files/employment/2025/09/3)"
NPS,1102,CONTRACTING,1,202509,"OPM Federal Workforce Data, employment 2025-09 v3 (data.opm.gov/api/v1/files/employment/2025/09/3)"
NPS,1341,METEOROLOGICAL TECHNICIAN,1,202509,"OPM Federal Workforce Data, employment 2025-09 v3 (data.opm.gov/api/v1/files/employment/2025/09/3)"
NPS,1360,OCEANOGRAPHY,1,202509,"OPM Federal Workforce Data, employment 2025-09 v3 (data.opm.gov/api/v1/files/employment/2025/09/3)"
NPS,0679,MEDICAL SUPPORT ASSISTANCE,1,202509,"OPM Federal Workforce Data, employment 2025-09 v3 (data.opm.gov/api/v1/files/employment/2025/09/3)"
NPS,5401,MISC INDUSTRIAL EQUIPMENT OPERATION,1,202509,"OPM Federal Workforce Data, employment 2025-09 v3 (data.opm.gov/api/v1/files/employment/2025/09/3)"
NPS,0698,ENVIRONMENTAL HEALTH TECHNICIAN,1,202509,"OPM Federal Workforce Data, employment 2025-09 v3 (data.opm.gov/api/v1/files/employment/2025/09/3)"
NPS,5806,MOBILE EQUIPMENT SERVICING,1,202509,"OPM Federal Workforce Data, employment 2025-09 v3 (data.opm.gov/api/v1/files/employment/2025/09/3)"
NPS,3501,MISC GENERAL SERVICES AND SUPPORT WORK,1,202509,"OPM Federal Workforce Data, employment 2025-09 v3 (data.opm.gov/api/v1/files/employment/2025/09/3)"
NPS,1910,QUALITY ASSURANCE,1,202509,"OPM Federal Workforce Data, employment 2025-09 v3 (data.opm.gov/api/v1/files/employment/2025/09/3)"
NPS,0188,RECREATION SPECIALIST,1,202509,"OPM Federal Workforce Data, employment 2025-09 v3 (data.opm.gov/api/v1/files/employment/2025/09/3)"
NPS,0394,COMMUNICATIONS CLERICAL,1,202509,"OPM Federal Workforce Data, employment 2025-09 v3 (data.opm.gov/api/v1/files/employment/2025/09/3)"
