sample,code,minutes_per_day
AT2008,1,0.0156
AT2008,2,497.8043
AT2008,3,0.0029
AT2008,4,48.9852
AT2008,5,8.7278
AT2008,6,81.8411
AT2008,7,216.8044
AT2008,12,3.4398
AT2008,13,0.4043
AT2008,14,1.1817
AT2008,15,9.7102
AT2008,17,10.4863
AT2008,18,36.3437
AT2008,19,10.0919
AT2008,20,41.3182
AT2008,21,15.9655
AT2008,22,10.0954
AT2008,23,1.7679
AT2008,24,20.1535
AT2008,25,4.7363
AT2008,26,1.3149
AT2008,27,4.8242
AT2008,28,13.5973
AT2008,29,2.3421
AT2008,30,11.3060
AT2008,31,5.5917
AT2008,32,1.1626
AT2008,33,13.1321
AT2008,34,2.5548
AT2008,35,0.4516
AT2008,36,0.7591
AT2008,37,2.4349
AT2008,38,4.5269
AT2008,39,13.4893
AT2008,40,5.4749
AT2008,42,14.2138
AT2008,43,13.2320
AT2008,44,2.0788
AT2008,45,1.7937
AT2008,46,12.9484
AT2008,47,6.8669
AT2008,48,30.1768
AT2008,49,15.7300
AT2008,50,4.4250
AT2008,51,0.6758
AT2008,52,1.3665
AT2008,54,4.6696
AT2008,55,10.3110
AT2008,56,21.1494
AT2008,57,1.7250
AT2008,59,112.0725
AT2008,60,4.2390
AT2008,61,12.4086
AT2008,62,0.8373
AT2008,64,2.7448
AT2008,65,24.8806
AT2008,66,4.9975
AT2008,67,12.6548
AT2008,68,19.8651
AT2008,69,1.0987
BG1965,2,487.4496
BG1965,4,48.2323
BG1965,5,14.8923
BG1965,6,70.3191
BG1965,7,320.4177
BG1965,8,3.1554
BG1965,11,6.7449
BG1965,12,11.8267
BG1965,13,12.1493
BG1965,15,6.3004
BG1965,16,6.3180
BG1965,17,2.2022
BG1965,18,39.8555
BG1965,19,5.5915
BG1965,20,29.8724
BG1965,21,11.0022
BG1965,22,10.8857
BG1965,23,6.5632
BG1965,24,18.0447
BG1965,25,4.7932
BG1965,26,1.3151
BG1965,28,9.8621
BG1965,29,4.5151
BG1965,30,1.6864
BG1965,31,0.2958
BG1965,32,0.6024
BG1965,33,7.2097
BG1965,34,0.0686
BG1965,35,0.1006
BG1965,36,2.1216
BG1965,37,13.1130
BG1965,38,11.9163
BG1965,39,1.3286
BG1965,40,4.7421
BG1965,42,2.1513
BG1965,43,22.6287
BG1965,46,25.3836
BG1965,48,6.1921
BG1965,49,9.0315
BG1965,50,1.9239
BG1965,51,0.1372
BG1965,52,1.4860
BG1965,53,0.3214
BG1965,54,12.1325
BG1965,55,33.1145
BG1965,56,33.4432
BG1965,57,0.0235
BG1965,58,19.5472
BG1965,59,14.1312
BG1965,63,38.7459
BG1965,64,1.3347
BG1965,65,0.9654
BG1965,66,1.4474
BG1965,67,22.9998
BG1965,68,17.3078
BG1965,69,0.0571
BG2001,2,541.5781
BG2001,4,37.5473
BG2001,5,9.1897
BG2001,6,98.5822
BG2001,7,176.2299
BG2001,8,1.5185
BG2001,11,0.5041
BG2001,12,8.1932
BG2001,18,55.7716
BG2001,19,20.4287
BG2001,20,22.2082
BG2001,21,20.9755
BG2001,22,35.8401
BG2001,23,7.2723
BG2001,24,11.3014
BG2001,25,1.3243
BG2001,26,1.5427
BG2001,27,0.6416
BG2001,28,7.9783
BG2001,29,1.6480
BG2001,30,6.2966
BG2001,31,1.9901
BG2001,32,1.6390
BG2001,33,7.5241
BG2001,34,0.6314
BG2001,36,0.0967
BG2001,37,0.5486
BG2001,38,0.1854
BG2001,39,13.9685
BG2001,40,1.2989
BG2001,41,0.2159
BG2001,42,4.9313
BG2001,43,15.8657
BG2001,44,0.1397
BG2001,45,0.0859
BG2001,46,30.0349
BG2001,47,1.4457
BG2001,48,3.3748
BG2001,49,11.9092
BG2001,50,27.7319
BG2001,51,0.7657
BG2001,52,0.4826
BG2001,53,0.0479
BG2001,54,0.0889
BG2001,55,8.1425
BG2001,56,17.7346
BG2001,57,1.5219
BG2001,58,2.5326
BG2001,59,144.4266
BG2001,60,0.2240
BG2001,61,0.8264
BG2001,62,12.4351
BG2001,63,21.0110
BG2001,64,1.0012
BG2001,65,1.9058
BG2001,66,1.4039
BG2001,67,18.8836
BG2001,68,16.3126
BG2001,69,0.0632
CA1992,2,485.9996
CA1992,4,43.9738
CA1992,5,10.0572
CA1992,6,62.2948
CA1992,7,196.9775
CA1992,8,15.7709
CA1992,10,1.6805
CA1992,11,1.7530
CA1992,12,5.9572
CA1992,14,1.7861
CA1992,15,8.9192
CA1992,16,9.7428
CA1992,17,2.7781
CA1992,18,34.8917
CA1992,19,12.2885
CA1992,20,34.1816
CA1992,21,11.2215
CA1992,22,16.0491
CA1992,23,1.6392
CA1992,24,25.4944
CA1992,25,0.9218
CA1992,26,4.1605
CA1992,27,2.1728
CA1992,28,14.6948
CA1992,29,1.9984
CA1992,30,8.6044
CA1992,31,1.7326
CA1992,32,0.2531
CA1992,33,16.2780
CA1992,34,6.2293
CA1992,36,2.2978
CA1992,37,4.0486
CA1992,39,14.3278
CA1992,40,3.4062
CA1992,42,14.5342
CA1992,43,7.1650
CA1992,44,0.7901
CA1992,46,13.6118
CA1992,49,13.6487
CA1992,50,68.7649
CA1992,52,6.0807
CA1992,53,1.9581
CA1992,54,5.9022
CA1992,55,12.7825
CA1992,56,26.9329
CA1992,57,3.2869
CA1992,59,123.6738
CA1992,60,1.2478
CA1992,61,1.1589
CA1992,63,20.2964
CA1992,64,2.5694
CA1992,66,3.5356
CA1992,67,17.0152
CA1992,68,29.5598
CA1992,99,0.9020
CA2005,2,502.7075
CA2005,4,38.8532
CA2005,5,9.2953
CA2005,6,52.7176
CA2005,7,208.5969
CA2005,8,24.6296
CA2005,9,0.8993
CA2005,10,0.4903
CA2005,11,1.2276
CA2005,12,3.2387
CA2005,13,2.6604
CA2005,14,1.1161
CA2005,15,10.4921
CA2005,16,10.3602
CA2005,17,2.1311
CA2005,18,32.7437
CA2005,19,6.7473
CA2005,20,29.9617
CA2005,21,11.0301
CA2005,22,13.7498
CA2005,23,7.7679
CA2005,24,25.8540
CA2005,25,2.2882
CA2005,26,2.9269
CA2005,27,3.4406
CA2005,28,13.9674
CA2005,29,2.2074
CA2005,30,7.5192
CA2005,31,3.0057
CA2005,32,2.6989
CA2005,33,12.3295
CA2005,34,4.0603
CA2005,36,2.7550
CA2005,37,2.8367
CA2005,38,2.1781
CA2005,39,13.3417
CA2005,40,5.3625
CA2005,42,14.0957
CA2005,43,7.5113
CA2005,44,1.0832
CA2005,45,2.4381
CA2005,46,12.3864
CA2005,48,57.5949
CA2005,49,10.0392
CA2005,50,2.5612
CA2005,51,0.6489
CA2005,52,3.7099
CA2005,53,0.8224
CA2005,54,2.3425
CA2005,55,16.2673
CA2005,56,19.1727
CA2005,57,0.8528
CA2005,58,0.8595
CA2005,59,115.4241
CA2005,60,4.7012
CA2005,61,14.7095
CA2005,63,25.1754
CA2005,64,2.5797
CA2005,65,2.2165
CA2005,66,5.3827
CA2005,67,20.7174
CA2005,68,18.4849
CA2005,69,0.0342
FR1966,2,520.3267
FR1966,4,54.2312
FR1966,5,3.8339
FR1966,6,96.1749
FR1966,7,233.0814
FR1966,8,15.7685
FR1966,9,3.8313
FR1966,11,4.5875
FR1966,12,2.5753
FR1966,13,6.1305
FR1966,15,7.1431
FR1966,16,5.7683
FR1966,17,4.2708
FR1966,18,44.9197
FR1966,19,32.7226
FR1966,20,36.7539
FR1966,21,27.5361
FR1966,22,12.8504
FR1966,23,6.7577
FR1966,24,22.1831
FR1966,25,2.3444
FR1966,26,2.9548
FR1966,28,27.0463
FR1966,29,3.3774
FR1966,30,3.6721
FR1966,31,0.2388
FR1966,32,2.9074
FR1966,33,3.0799
FR1966,34,3.3768
FR1966,35,0.1368
FR1966,36,0.4653
FR1966,37,2.9929
FR1966,38,2.5562
FR1966,39,6.2109
FR1966,40,8.5828
FR1966,42,1.6626
FR1966,43,9.3341
FR1966,46,10.6394
FR1966,48,16.8976
FR1966,49,15.5089
FR1966,50,2.7944
FR1966,51,0.9746
FR1966,52,0.6825
FR1966,53,4.3036
FR1966,54,16.1949
FR1966,55,12.2257
FR1966,56,24.2957
FR1966,57,0.8021
FR1966,58,5.3074
FR1966,59,53.0604
FR1966,63,23.3929
FR1966,64,1.3729
FR1966,65,1.5162
FR1966,66,2.9221
FR1966,67,12.4777
FR1966,68,12.2436
FR1966,69,0.0013
FR2009,1,0.1727
FR2009,2,497.6491
FR2009,3,0.0060
FR2009,4,50.9935
FR2009,5,7.2139
FR2009,6,115.9485
FR2009,7,162.1046
FR2009,8,18.9532
FR2009,11,0.3231
FR2009,13,3.0309
FR2009,15,5.8640
FR2009,16,2.8761
FR2009,17,1.8091
FR2009,18,40.2642
FR2009,19,11.2987
FR2009,20,33.5815
FR2009,21,12.0605
FR2009,22,16.4846
FR2009,23,13.7810
FR2009,24,22.2974
FR2009,25,3.1126
FR2009,26,1.5530
FR2009,27,2.0533
FR2009,28,17.6584
FR2009,29,1.9956
FR2009,30,5.3686
FR2009,31,1.4345
FR2009,32,4.4225
FR2009,33,8.0078
FR2009,34,2.5198
FR2009,35,1.2118
FR2009,36,0.6706
FR2009,37,3.5218
FR2009,38,0.5652
FR2009,39,8.8762
FR2009,40,1.5228
FR2009,42,11.3339
FR2009,43,13.3509
FR2009,46,14.4447
FR2009,47,3.0824
FR2009,48,36.3128
FR2009,49,4.5009
FR2009,50,5.0396
FR2009,51,0.7974
FR2009,52,3.4368
FR2009,53,0.1441
FR2009,54,1.7187
FR2009,55,25.1105
FR2009,56,17.4354
FR2009,58,1.7984
FR2009,59,113.4194
FR2009,60,3.7876
FR2009,61,20.7196
FR2009,63,24.3114
FR2009,64,0.8565
FR2009,66,8.3972
FR2009,67,8.3585
FR2009,68,39.8696
FR2009,69,0.5668
KR1999,2,462.6412
KR1999,4,51.1056
KR1999,6,94.5555
KR1999,7,233.4220
KR1999,8,1.9382
KR1999,9,24.7308
KR1999,11,10.9404
KR1999,12,2.5653
KR1999,13,5.4738
KR1999,14,0.9374
KR1999,15,16.2548
KR1999,16,10.5598
KR1999,17,11.1128
KR1999,18,36.8132
KR1999,19,15.3492
KR1999,20,21.5428
KR1999,21,13.4881
KR1999,22,1.9386
KR1999,23,3.0115
KR1999,24,11.2307
KR1999,25,3.2568
KR1999,26,1.3661
KR1999,28,12.4365
KR1999,29,2.1543
KR1999,30,8.9508
KR1999,31,1.8542
KR1999,32,4.2135
KR1999,33,11.9111
KR1999,34,10.1046
KR1999,36,0.2005
KR1999,37,0.9907
KR1999,38,0.4405
KR1999,39,8.2483
KR1999,40,2.7878
KR1999,42,8.8636
KR1999,43,9.1017
KR1999,45,0.8846
KR1999,46,2.6979
KR1999,48,43.5146
KR1999,49,7.7064
KR1999,50,4.1918
KR1999,51,0.6359
KR1999,54,2.4741
KR1999,55,19.3651
KR1999,56,18.8260
KR1999,57,1.4165
KR1999,58,2.1999
KR1999,59,124.4548
KR1999,60,3.1472
KR1999,61,3.3432
KR1999,63,34.2145
KR1999,64,5.8555
KR1999,65,0.7280
KR1999,66,3.8796
KR1999,67,13.1487
KR1999,68,30.8148
KR1999,69,0.0084
KR2004,2,464.4145
KR2004,4,64.0137
KR2004,5,44.0345
KR2004,6,54.6823
KR2004,7,203.2899
KR2004,8,7.1547
KR2004,9,1.7225
KR2004,10,8.6700
KR2004,12,3.4819
KR2004,13,10.0364
KR2004,14,0.9955
KR2004,15,10.0926
KR2004,16,4.9466
KR2004,17,14.3119
KR2004,18,32.9737
KR2004,19,15.2090
KR2004,20,16.5684
KR2004,21,12.4913
KR2004,22,4.2509
KR2004,23,5.1284
KR2004,24,12.4103
KR2004,25,3.7886
KR2004,26,2.7351
KR2004,28,12.4699
KR2004,29,2.5874
KR2004,30,8.4282
KR2004,31,2.0987
KR2004,32,5.0082
KR2004,33,15.7365
KR2004,34,12.9918
KR2004,35,0.4911
KR2004,36,0.1348
KR2004,37,2.0618
KR2004,38,0.1962
KR2004,40,13.4060
KR2004,41,0.0018
KR2004,42,12.0757
KR2004,43,10.7637
KR2004,45,2.5601
KR2004,46,5.1687
KR2004,49,48.6527
KR2004,51,0.0299
KR2004,54,1.8482
KR2004,55,14.4125
KR2004,56,15.0924
KR2004,57,0.8953
KR2004,58,1.0911
KR2004,59,119.3269
KR2004,60,14.5940
KR2004,61,14.8183
KR2004,63,34.6691
KR2004,64,6.4964
KR2004,65,0.8776
KR2004,66,4.6675
KR2004,67,15.5436
KR2004,68,43.4009
KR2004,69,0.0003
KR2009,1,0.0015
KR2009,2,464.8899
KR2009,4,72.5218
KR2009,5,13.8523
KR2009,6,57.0183
KR2009,7,201.4556
KR2009,8,7.7085
KR2009,9,11.2890
KR2009,11,12.3645
KR2009,12,3.4476
KR2009,13,5.8639
KR2009,14,1.2509
KR2009,15,11.7807
KR2009,16,6.6671
KR2009,17,13.0616
KR2009,18,33.2921
KR2009,19,15.1234
KR2009,20,19.6620
KR2009,21,11.1107
KR2009,22,0.8185
KR2009,23,3.3416
KR2009,24,12.6889
KR2009,25,3.6831
KR2009,26,2.0073
KR2009,28,13.3803
KR2009,29,3.0776
KR2009,30,6.9388
KR2009,31,2.6022
KR2009,32,4.4388
KR2009,33,19.1860
KR2009,34,11.2086
KR2009,36,0.1700
KR2009,37,2.0290
KR2009,38,0.2897
KR2009,39,48.6859
KR2009,40,1.2721
KR2009,42,11.7517
KR2009,43,16.4178
KR2009,45,0.9671
KR2009,46,1.8863
KR2009,48,33.8738
KR2009,49,9.1624
KR2009,50,2.3867
KR2009,51,0.7435
KR2009,54,1.5577
KR2009,55,15.2537
KR2009,56,12.6555
KR2009,57,0.6368
KR2009,58,0.7427
KR2009,59,107.3738
KR2009,60,11.2371
KR2009,61,16.4661
KR2009,63,38.7503
KR2009,64,7.0761
KR2009,65,0.5740
KR2009,66,5.4223
KR2009,67,18.1035
KR2009,68,28.7784
KR2009,69,0.0034
NL1975,1,2.5775
NL1975,2,507.6660
NL1975,3,0.2489
NL1975,4,49.2719
NL1975,5,5.6505
NL1975,6,77.3403
NL1975,7,113.4063
NL1975,8,8.2462
NL1975,9,2.7939
NL1975,11,6.3216
NL1975,12,6.1664
NL1975,13,2.3799
NL1975,15,10.7847
NL1975,16,8.4671
NL1975,17,4.5444
NL1975,18,29.2759
NL1975,19,30.9887
NL1975,20,32.8865
NL1975,21,15.8093
NL1975,22,13.2493
NL1975,23,2.5811
NL1975,24,24.1279
NL1975,25,3.2356
NL1975,26,2.1887
NL1975,27,6.6469
NL1975,28,10.9679
NL1975,29,1.0162
NL1975,30,8.6643
NL1975,31,0.7858
NL1975,32,11.2655
NL1975,33,17.7722
NL1975,34,3.5248
NL1975,35,0.0146
NL1975,36,2.5205
NL1975,37,2.3466
NL1975,38,1.7349
NL1975,39,13.0153
NL1975,40,9.6972
NL1975,41,0.5158
NL1975,42,5.2553
NL1975,43,6.4541
NL1975,45,0.1788
NL1975,46,13.9374
NL1975,48,76.1461
NL1975,49,25.9281
NL1975,50,12.5694
NL1975,51,0.6889
NL1975,52,3.7371
NL1975,53,1.4188
NL1975,54,16.5427
NL1975,55,11.0534
NL1975,56,52.8520
NL1975,57,6.0730
NL1975,58,11.2204
NL1975,59,86.3070
NL1975,63,14.6174
NL1975,64,3.0330
NL1975,65,2.8234
NL1975,66,2.2794
NL1975,67,15.7938
NL1975,68,20.3803
NL1975,69,0.0134
NL1980,1,0.0639
NL1980,2,506.9058
NL1980,4,52.0530
NL1980,5,5.6688
NL1980,6,80.2836
NL1980,7,110.5913
NL1980,8,6.6293
NL1980,9,3.2999
NL1980,11,6.5460
NL1980,12,6.7631
NL1980,13,4.8068
NL1980,15,8.8315
NL1980,16,9.4706
NL1980,17,6.1588
NL1980,18,30.9409
NL1980,19,35.4160
NL1980,20,28.9758
NL1980,21,14.3685
NL1980,22,13.9268
NL1980,23,2.3536
NL1980,24,22.9202
NL1980,25,3.3642
NL1980,26,3.9285
NL1980,27,7.5902
NL1980,28,12.0715
NL1980,29,1.3364
NL1980,30,8.7554
NL1980,31,1.3328
NL1980,32,13.1523
NL1980,33,19.1067
NL1980,34,3.3754
NL1980,36,3.1473
NL1980,37,1.9038
NL1980,38,2.2808
NL1980,39,11.1272
NL1980,40,10.1423
NL1980,41,0.0018
NL1980,42,6.4258
NL1980,43,5.1349
NL1980,45,0.1217
NL1980,46,11.2406
NL1980,48,71.9571
NL1980,49,28.2385
NL1980,50,12.9783
NL1980,51,0.3912
NL1980,52,5.0389
NL1980,53,1.1538
NL1980,54,23.1953
NL1980,55,8.1449
NL1980,56,49.0479
NL1980,57,4.8200
NL1980,58,8.8704
NL1980,59,84.9340
NL1980,63,12.2471
NL1980,64,3.2594
NL1980,65,2.7758
NL1980,66,2.9202
NL1980,67,19.8252
NL1980,68,17.6883
NL1985,1,0.0054
NL1985,2,496.7429
NL1985,3,0.0010
NL1985,4,49.9997
NL1985,5,6.1969
NL1985,6,76.0847
NL1985,7,114.0777
NL1985,8,9.8206
NL1985,9,1.7653
NL1985,11,5.8013
NL1985,12,6.2886
NL1985,13,2.5388
NL1985,15,10.5624
NL1985,16,11.1621
NL1985,17,7.0394
NL1985,18,31.1558
NL1985,19,31.8142
NL1985,20,27.4584
NL1985,21,14.6217
NL1985,22,20.5373
NL1985,23,2.3077
NL1985,24,24.1735
NL1985,25,3.2954
NL1985,26,3.8476
NL1985,27,9.1112
NL1985,28,12.8837
NL1985,29,0.7375
NL1985,30,5.7310
NL1985,31,3.0165
NL1985,32,3.0120
NL1985,33,27.5258
NL1985,34,5.0526
NL1985,36,3.7892
NL1985,37,1.6822
NL1985,38,3.7752
NL1985,39,12.4764
NL1985,40,10.4702
NL1985,42,8.4975
NL1985,43,6.8424
NL1985,45,0.0742
NL1985,46,7.6660
NL1985,48,66.1756
NL1985,49,24.0276
NL1985,50,11.4198
NL1985,51,0.1419
NL1985,52,5.1398
NL1985,53,1.7487
NL1985,54,22.5565
NL1985,55,8.7713
NL1985,56,46.2103
NL1985,57,2.9688
NL1985,58,6.6346
NL1985,59,100.0884
NL1985,61,0.9870
NL1985,63,14.1222
NL1985,64,4.2668
NL1985,65,3.2935
NL1985,66,3.5681
NL1985,67,15.9577
NL1985,68,22.2794
NL1990,1,0.4258
NL1990,2,500.6381
NL1990,3,0.0391
NL1990,4,51.0321
NL1990,5,6.8895
NL1990,6,73.0238
NL1990,7,125.5211
NL1990,8,10.7853
NL1990,9,3.1728
NL1990,11,6.4718
NL1990,12,6.7246
NL1990,13,4.0793
NL1990,15,13.8393
NL1990,16,11.8862
NL1990,17,6.9203
NL1990,18,28.2191
NL1990,19,28.3434
NL1990,20,22.7367
NL1990,21,13.1425
NL1990,22,18.5885
NL1990,23,2.6709
NL1990,24,23.3186
NL1990,25,3.2693
NL1990,26,3.6295
NL1990,27,7.8103
NL1990,28,10.8586
NL1990,29,0.9705
NL1990,30,6.3917
NL1990,31,3.5700
NL1990,32,2.6547
NL1990,33,23.9902
NL1990,34,6.0482
NL1990,36,3.2439
NL1990,37,1.9204
NL1990,38,4.2733
NL1990,39,14.8849
NL1990,40,10.9152
NL1990,41,0.0894
NL1990,42,10.3275
NL1990,43,5.0058
NL1990,45,0.1237
NL1990,46,7.7073
NL1990,48,63.4491
NL1990,49,24.0847
NL1990,50,11.8051
NL1990,51,0.3028
NL1990,52,4.4588
NL1990,53,1.1544
NL1990,54,13.2496
NL1990,55,9.8564
NL1990,56,43.9030
NL1990,57,3.3160
NL1990,58,5.9488
NL1990,59,99.2340
NL1990,61,4.0087
NL1990,63,15.8273
NL1990,64,4.8967
NL1990,65,3.4789
NL1990,66,4.0510
NL1990,67,19.0276
NL1990,68,21.7791
NL1990,69,0.0148
NL1995,1,0.0277
NL1995,2,500.8815
NL1995,3,0.0030
NL1995,4,52.5857
NL1995,5,6.8529
NL1995,6,68.7268
NL1995,7,134.0659
NL1995,8,7.8026
NL1995,9,3.7862
NL1995,11,8.3916
NL1995,12,6.9725
NL1995,13,4.1584
NL1995,15,9.9995
NL1995,16,8.6027
NL1995,17,7.1906
NL1995,18,27.9508
NL1995,19,25.3476
NL1995,20,23.8358
NL1995,21,13.5625
NL1995,22,15.6799
NL1995,23,3.4515
NL1995,24,24.3554
NL1995,25,2.9412
NL1995,26,3.9439
NL1995,27,8.3302
NL1995,28,10.3557
NL1995,29,1.0100
NL1995,30,8.4153
NL1995,31,2.1146
NL1995,32,11.9198
NL1995,33,20.6390
NL1995,34,2.9200
NL1995,36,3.0957
NL1995,37,2.0423
NL1995,38,3.0922
NL1995,39,16.0281
NL1995,40,13.0018
NL1995,41,0.0042
NL1995,42,10.2624
NL1995,43,6.4575
NL1995,45,0.1344
NL1995,46,11.4682
NL1995,48,60.7751
NL1995,49,21.4407
NL1995,50,8.7967
NL1995,51,0.1116
NL1995,52,4.8447
NL1995,53,1.3303
NL1995,54,9.7442
NL1995,55,11.1543
NL1995,56,38.8213
NL1995,57,2.4046
NL1995,58,4.2390
NL1995,59,101.4930
NL1995,61,7.7595
NL1995,63,16.6610
NL1995,64,5.2045
NL1995,65,3.3202
NL1995,66,4.7058
NL1995,67,20.2010
NL1995,68,24.5844
NL1995,69,0.0007
NL2000,1,0.1438
NL2000,2,511.5613
NL2000,3,0.0102
NL2000,4,51.8829
NL2000,5,8.3950
NL2000,6,69.6844
NL2000,7,157.7725
NL2000,8,9.5319
NL2000,9,2.1349
NL2000,11,5.5525
NL2000,12,7.4862
NL2000,13,3.6763
NL2000,15,7.6241
NL2000,16,6.1261
NL2000,17,5.6464
NL2000,18,27.5655
NL2000,19,23.1247
NL2000,20,22.1957
NL2000,21,12.4107
NL2000,22,15.3979
NL2000,23,3.1858
NL2000,24,25.6929
NL2000,25,2.8037
NL2000,26,3.8763
NL2000,27,9.7392
NL2000,28,11.6024
NL2000,29,1.0479
NL2000,30,6.6180
NL2000,31,5.3923
NL2000,32,2.6087
NL2000,33,22.4450
NL2000,34,3.2788
NL2000,36,2.5960
NL2000,37,2.6832
NL2000,38,4.0578
NL2000,39,16.8020
NL2000,40,13.4679
NL2000,42,9.9916
NL2000,43,4.7464
NL2000,45,0.0944
NL2000,46,6.1682
NL2000,48,54.9181
NL2000,49,18.5777
NL2000,50,6.7793
NL2000,51,0.1340
NL2000,52,2.9457
NL2000,53,0.7308
NL2000,54,9.3672
NL2000,55,11.0082
NL2000,56,31.7343
NL2000,57,1.8157
NL2000,58,34.4741
NL2000,59,69.8483
NL2000,61,14.1765
NL2000,63,21.1846
NL2000,64,4.7438
NL2000,65,2.5909
NL2000,66,4.1769
NL2000,67,18.7803
NL2000,68,25.1919
US1965,2,477.5068
US1965,4,62.2244
US1965,5,10.9600
US1965,6,68.8750
US1965,7,237.7744
US1965,8,7.5870
US1965,9,5.2511
US1965,12,8.0913
US1965,13,4.3277
US1965,15,2.4953
US1965,16,4.8183
US1965,17,7.2060
US1965,18,40.6400
US1965,19,20.0114
US1965,20,33.8801
US1965,21,23.1347
US1965,22,6.2095
US1965,23,11.5089
US1965,24,15.6808
US1965,25,2.9682
US1965,26,15.7577
US1965,27,0.9499
US1965,28,19.7665
US1965,29,1.6236
US1965,30,5.4594
US1965,31,1.9985
US1965,32,5.5166
US1965,33,8.3990
US1965,34,7.2259
US1965,35,0.9543
US1965,36,1.2057
US1965,37,3.8355
US1965,38,3.4022
US1965,39,3.6843
US1965,40,14.3593
US1965,42,5.1545
US1965,43,1.1698
US1965,46,4.8045
US1965,48,39.1742
US1965,49,12.4211
US1965,50,4.7375
US1965,51,2.4253
US1965,52,1.7345
US1965,53,5.1584
US1965,54,7.6608
US1965,55,4.2436
US1965,56,30.9602
US1965,57,0.8449
US1965,58,3.4425
US1965,59,92.4023
US1965,63,24.2812
US1965,64,1.4544
US1965,65,3.6832
US1965,66,4.0897
US1965,67,26.0307
US1965,68,18.8378
US1975,1,3.8302
US1975,2,503.7955
US1975,3,2.5177
US1975,4,44.3107
US1975,5,8.1246
US1975,6,75.2817
US1975,7,192.4904
US1975,8,10.3936
US1975,9,4.3517
US1975,12,4.1578
US1975,13,2.7388
US1975,14,0.8104
US1975,15,5.0566
US1975,16,5.4215
US1975,17,2.3035
US1975,18,40.5344
US1975,19,12.2187
US1975,20,37.1545
US1975,21,12.3058
US1975,22,10.9565
US1975,23,6.3893
US1975,24,20.3429
US1975,25,3.6540
US1975,26,3.7595
US1975,27,3.4841
US1975,28,12.9879
US1975,29,0.8992
US1975,30,4.5171
US1975,31,3.8170
US1975,32,9.9668
US1975,33,10.7605
US1975,34,8.3618
US1975,35,1.2114
US1975,36,2.1792
US1975,37,3.0306
US1975,38,1.2634
US1975,39,3.9636
US1975,40,5.6541
US1975,41,0.9607
US1975,42,7.6085
US1975,43,1.8709
US1975,44,0.2308
US1975,45,4.8173
US1975,46,9.3317
US1975,48,41.3134
US1975,49,16.7976
US1975,50,7.0774
US1975,51,2.3589
US1975,52,1.6962
US1975,53,1.6821
US1975,54,9.7647
US1975,55,12.1505
US1975,56,29.5460
US1975,57,3.4503
US1975,58,2.8943
US1975,59,122.3908
US1975,62,0.4699
US1975,63,19.9172
US1975,64,1.7684
US1975,65,8.2211
US1975,66,3.2771
US1975,67,26.3701
US1975,68,17.5251
US1975,69,1.5115
US1985,1,4.0870
US1985,2,489.0750
US1985,3,0.8639
US1985,4,62.6821
US1985,5,7.8410
US1985,6,55.7751
US1985,7,196.1427
US1985,8,16.7353
US1985,9,3.1219
US1985,12,2.2217
US1985,13,1.9933
US1985,14,0.9407
US1985,15,6.1010
US1985,16,5.5069
US1985,17,3.5206
US1985,18,34.5106
US1985,19,11.0857
US1985,20,31.1651
US1985,21,10.2380
US1985,22,9.6290
US1985,23,12.0649
US1985,24,23.2281
US1985,25,2.7938
US1985,26,4.9245
US1985,27,5.4067
US1985,28,12.4676
US1985,29,1.0836
US1985,30,5.1490
US1985,31,1.3098
US1985,32,5.4349
US1985,33,7.8567
US1985,34,6.8075
US1985,35,1.0136
US1985,36,2.0148
US1985,37,3.4848
US1985,38,1.9528
US1985,39,20.3760
US1985,40,5.6376
US1985,41,1.4542
US1985,42,14.0395
US1985,43,2.6046
US1985,44,0.4084
US1985,45,1.3431
US1985,46,11.9313
US1985,48,26.6575
US1985,49,24.8190
US1985,50,7.1292
US1985,51,1.3878
US1985,52,1.7628
US1985,53,2.7245
US1985,54,5.9954
US1985,55,7.4651
US1985,56,22.1565
US1985,57,1.2427
US1985,58,2.9577
US1985,59,132.6838
US1985,61,0.9763
US1985,62,0.0415
US1985,63,24.7783
US1985,64,1.9307
US1985,65,6.4806
US1985,66,3.8701
US1985,67,28.2690
US1985,68,23.0299
US1985,69,5.6176
US1993,2,493.8859
US1993,4,49.9153
US1993,6,50.2581
US1993,7,228.0039
US1993,8,8.5319
US1993,9,0.4768
US1993,11,0.8049
US1993,12,0.6927
US1993,14,0.6608
US1993,15,11.0345
US1993,16,7.8072
US1993,17,0.8650
US1993,18,29.4852
US1993,19,4.4192
US1993,20,39.4143
US1993,21,9.8290
US1993,22,8.9251
US1993,23,12.1490
US1993,24,24.0375
US1993,25,3.3775
US1993,26,3.1467
US1993,27,3.8537
US1993,28,10.6141
US1993,29,1.3584
US1993,30,5.1367
US1993,31,3.2710
US1993,32,4.4585
US1993,33,4.6131
US1993,34,8.8029
US1993,36,3.2183
US1993,37,4.2693
US1993,38,2.4479
US1993,39,19.2229
US1993,40,6.2124
US1993,42,17.7213
US1993,45,5.6320
US1993,46,2.9694
US1993,47,0.0790
US1993,48,34.4668
US1993,49,9.8772
US1993,50,5.4981
US1993,52,3.0799
US1993,53,6.1341
US1993,54,3.6455
US1993,55,18.8152
US1993,56,22.7525
US1993,57,0.5573
US1993,58,1.8069
US1993,59,150.0539
US1993,61,3.3567
US1993,63,24.4968
US1993,64,2.4388
US1993,65,3.5464
US1993,66,2.9398
US1993,67,35.2098
US1993,68,19.7230
US1995,2,478.2324
US1995,4,45.9788
US1995,5,3.3682
US1995,6,43.3778
US1995,7,241.7984
US1995,8,7.0232
US1995,9,0.0816
US1995,11,0.1654
US1995,12,1.9824
US1995,13,1.0970
US1995,14,1.1782
US1995,15,10.8499
US1995,16,7.4364
US1995,17,1.3543
US1995,18,27.9966
US1995,19,5.4578
US1995,20,35.2193
US1995,21,11.4816
US1995,22,12.0254
US1995,23,21.9481
US1995,24,23.0451
US1995,25,3.9269
US1995,26,3.9437
US1995,27,4.0669
US1995,28,19.3902
US1995,29,2.2389
US1995,30,8.4171
US1995,31,2.3852
US1995,32,9.4003
US1995,33,4.2220
US1995,34,5.9178
US1995,36,4.6665
US1995,37,5.1061
US1995,38,3.1875
US1995,39,18.6639
US1995,40,10.3537
US1995,41,0.6611
US1995,42,17.5230
US1995,45,6.4967
US1995,46,3.4990
US1995,47,0.1135
US1995,48,25.0824
US1995,49,20.0191
US1995,50,6.2568
US1995,52,1.7534
US1995,53,1.1215
US1995,54,4.9752
US1995,55,18.2832
US1995,56,20.5801
US1995,57,0.5838
US1995,58,2.0893
US1995,59,129.7234
US1995,61,3.4895
US1995,63,29.8534
US1995,64,2.0674
US1995,65,2.7107
US1995,66,4.4790
US1995,67,31.0750
US1995,68,20.5789
US1998,2,471.7649
US1998,3,0.1023
US1998,4,52.8135
US1998,5,6.5200
US1998,6,46.7101
US1998,7,231.7054
US1998,8,14.9661
US1998,9,0.5229
US1998,11,1.4189
US1998,12,1.3213
US1998,14,0.4573
US1998,15,4.9153
US1998,16,4.3220
US1998,17,3.3344
US1998,18,31.6140
US1998,19,6.5646
US1998,20,42.0780
US1998,21,15.2196
US1998,22,10.5652
US1998,23,12.1653
US1998,24,24.3090
US1998,25,5.1383
US1998,26,6.5530
US1998,27,5.1794
US1998,28,31.4869
US1998,29,4.0162
US1998,30,14.1072
US1998,31,4.8341
US1998,32,4.5189
US1998,33,3.6887
US1998,34,10.4538
US1998,35,1.4692
US1998,36,4.2042
US1998,37,3.2651
US1998,38,2.7263
US1998,39,16.0456
US1998,40,6.2830
US1998,42,16.1655
US1998,43,0.2738
US1998,45,3.4560
US1998,46,1.2037
US1998,48,25.7286
US1998,49,17.8697
US1998,50,4.4275
US1998,52,1.9435
US1998,53,2.4368
US1998,54,4.4188
US1998,55,17.5386
US1998,56,14.1391
US1998,57,0.1803
US1998,58,1.1604
US1998,59,112.1087
US1998,60,1.1173
US1998,61,10.4460
US1998,63,29.8395
US1998,64,1.5760
US1998,65,3.2664
US1998,66,8.1671
US1998,67,37.7393
US1998,68,17.4375
US2003,1,1.7253
US2003,2,506.1028
US2003,3,0.0640
US2003,4,45.0804
US2003,5,0.3611
US2003,6,50.7912
US2003,7,216.7345
US2003,8,13.2133
US2003,9,7.6804
US2003,10,0.3141
US2003,11,2.4060
US2003,12,0.1907
US2003,13,0.0191
US2003,14,1.9396
US2003,15,7.9834
US2003,16,7.0078
US2003,17,0.9683
US2003,18,24.5758
US2003,19,7.5528
US2003,20,28.7078
US2003,21,12.7411
US2003,22,8.0864
US2003,23,9.8500
US2003,24,25.3557
US2003,25,4.5035
US2003,26,2.4359
US2003,27,0.0031
US2003,28,11.0656
US2003,29,3.1560
US2003,30,8.4366
US2003,31,8.0311
US2003,32,14.0884
US2003,33,8.1865
US2003,34,7.9074
US2003,35,1.8957
US2003,36,2.2315
US2003,37,2.9857
US2003,38,0.4473
US2003,39,14.6108
US2003,40,6.1236
US2003,41,1.3333
US2003,42,10.4226
US2003,43,2.4813
US2003,44,0.3299
US2003,46,13.8260
US2003,47,4.9859
US2003,48,40.9787
US2003,49,5.8761
US2003,50,8.2535
US2003,52,0.2062
US2003,53,1.5132
US2003,54,1.8166
US2003,55,18.1292
US2003,56,17.1042
US2003,57,1.6851
US2003,58,0.9961
US2003,59,142.7261
US2003,61,9.8364
US2003,62,0.8589
US2003,63,18.3958
US2003,64,1.6575
US2003,65,2.3910
US2003,66,11.5235
US2003,67,29.0768
US2003,68,16.5181
US2003,69,1.5179
US2004,1,1.1183
US2004,2,503.6437
US2004,3,0.0033
US2004,4,46.1410
US2004,5,0.2497
US2004,6,52.7560
US2004,7,214.6071
US2004,8,15.7522
US2004,9,6.6488
US2004,10,0.2406
US2004,11,0.2507
US2004,12,0.0867
US2004,13,0.2275
US2004,14,1.8569
US2004,15,7.4450
US2004,16,7.3312
US2004,17,1.7512
US2004,18,24.0146
US2004,19,7.6709
US2004,20,28.5401
US2004,21,13.0110
US2004,22,7.7425
US2004,23,10.1261
US2004,24,25.3655
US2004,25,4.2690
US2004,26,2.2037
US2004,27,0.0024
US2004,28,11.0037
US2004,29,2.6522
US2004,30,9.1506
US2004,31,7.8889
US2004,32,15.1122
US2004,33,8.3820
US2004,34,6.7139
US2004,35,2.3318
US2004,36,1.7936
US2004,37,3.0790
US2004,38,0.2685
US2004,39,14.4911
US2004,40,6.0055
US2004,41,0.9256
US2004,42,11.3996
US2004,43,2.2133
US2004,44,0.3449
US2004,45,0.0043
US2004,46,13.9213
US2004,47,4.5057
US2004,48,38.8552
US2004,49,6.0876
US2004,50,8.9130
US2004,52,0.1682
US2004,53,1.3108
US2004,54,1.8764
US2004,55,15.7973
US2004,56,18.8094
US2004,57,2.1517
US2004,58,1.0323
US2004,59,147.3776
US2004,61,10.6768
US2004,62,0.2936
US2004,63,19.0625
US2004,64,1.7899
US2004,65,2.3542
US2004,66,11.1731
US2004,67,30.2002
US2004,68,15.1482
US2004,69,1.6784
US2005,1,1.6450
US2005,2,508.3284
US2005,3,0.0289
US2005,4,46.1332
US2005,5,0.4224
US2005,6,53.0105
US2005,7,217.6975
US2005,8,13.8172
US2005,9,7.2041
US2005,10,0.1786
US2005,11,0.1111
US2005,12,0.2117
US2005,13,0.1826
US2005,14,1.4725
US2005,15,6.1321
US2005,16,7.6580
US2005,17,1.5836
US2005,18,23.8743
US2005,19,7.1052
US2005,20,29.3396
US2005,21,12.9849
US2005,22,8.0670
US2005,23,10.0706
US2005,24,25.2785
US2005,25,4.1258
US2005,26,2.3100
US2005,27,0.0177
US2005,28,10.8168
US2005,29,2.8343
US2005,30,8.9182
US2005,31,7.8973
US2005,32,11.9257
US2005,33,8.1405
US2005,34,6.9146
US2005,35,1.6693
US2005,36,2.0225
US2005,37,2.9040
US2005,38,0.2697
US2005,39,14.7843
US2005,40,5.2951
US2005,41,1.6602
US2005,42,10.5961
US2005,43,2.4563
US2005,44,0.4226
US2005,45,0.0412
US2005,46,14.3911
US2005,47,5.4207
US2005,48,39.0738
US2005,49,5.2666
US2005,50,8.9114
US2005,52,0.1682
US2005,53,1.2177
US2005,54,1.7755
US2005,55,16.8127
US2005,56,17.7356
US2005,57,1.8004
US2005,58,1.1315
US2005,59,144.7830
US2005,61,10.8274
US2005,62,0.5386
US2005,63,20.3509
US2005,64,1.3048
US2005,65,2.3194
US2005,66,10.5608
US2005,67,29.0481
US2005,68,16.0049
US2005,69,1.9974
US2006,1,1.6916
US2006,2,510.8765
US2006,3,0.0004
US2006,4,44.9117
US2006,5,0.3376
US2006,6,51.8699
US2006,7,220.4312
US2006,8,15.2152
US2006,9,7.6202
US2006,10,0.3441
US2006,11,0.0548
US2006,12,0.0383
US2006,13,0.1594
US2006,14,2.0016
US2006,15,6.8259
US2006,16,7.6367
US2006,17,1.4681
US2006,18,24.6656
US2006,19,7.3070
US2006,20,28.4545
US2006,21,12.9692
US2006,22,6.8930
US2006,23,8.6723
US2006,24,25.7521
US2006,25,3.8634
US2006,26,2.4837
US2006,28,10.1675
US2006,29,2.6908
US2006,30,9.4663
US2006,31,7.1325
US2006,32,11.1884
US2006,33,7.5911
US2006,34,6.5256
US2006,35,1.5677
US2006,36,2.1278
US2006,37,3.1415
US2006,38,0.2089
US2006,39,14.8519
US2006,40,5.2543
US2006,41,2.0945
US2006,42,10.5940
US2006,43,2.2018
US2006,44,0.4753
US2006,45,0.0018
US2006,46,13.6752
US2006,47,5.0579
US2006,48,39.6309
US2006,49,5.7993
US2006,50,9.1802
US2006,52,0.2294
US2006,53,1.0642
US2006,54,1.7809
US2006,55,15.9988
US2006,56,17.7348
US2006,57,2.0168
US2006,58,1.1658
US2006,59,143.3139
US2006,61,11.2813
US2006,62,0.9759
US2006,63,20.5537
US2006,64,1.3640
US2006,65,2.6808
US2006,66,9.3014
US2006,67,29.1944
US2006,68,15.8743
US2006,69,2.3004
US2007,1,1.6525
US2007,2,505.9418
US2007,3,0.0202
US2007,4,44.2947
US2007,5,0.2465
US2007,6,52.2317
US2007,7,224.4012
US2007,8,16.6700
US2007,9,8.1857
US2007,10,0.3662
US2007,11,0.0663
US2007,12,0.2096
US2007,13,0.1257
US2007,14,2.1173
US2007,15,6.1400
US2007,16,6.8670
US2007,17,1.0195
US2007,18,24.6736
US2007,19,6.7735
US2007,20,29.7954
US2007,21,13.2561
US2007,22,6.4869
US2007,23,9.1827
US2007,24,24.6355
US2007,25,4.1250
US2007,26,2.1845
US2007,27,0.0006
US2007,28,10.6795
US2007,29,2.3581
US2007,30,9.6643
US2007,31,7.2985
US2007,32,9.8670
US2007,33,8.8828
US2007,34,8.2171
US2007,35,1.5161
US2007,36,1.7852
US2007,37,2.7842
US2007,38,0.4348
US2007,39,15.0411
US2007,40,5.2148
US2007,41,1.3421
US2007,42,11.8403
US2007,43,2.9039
US2007,44,0.4515
US2007,46,13.9667
US2007,47,5.8208
US2007,48,37.5053
US2007,49,5.1033
US2007,50,9.7523
US2007,52,0.2326
US2007,53,1.1087
US2007,54,1.9079
US2007,55,15.8898
US2007,56,17.1025
US2007,57,1.3446
US2007,58,0.8632
US2007,59,147.1363
US2007,61,10.6266
US2007,62,0.5869
US2007,63,19.6202
US2007,64,1.0300
US2007,65,2.5072
US2007,66,9.2042
US2007,67,28.9692
US2007,68,15.4304
US2007,69,2.3400
US2008,1,1.8832
US2008,2,507.5840
US2008,3,0.0261
US2008,4,46.1873
US2008,5,0.5529
US2008,6,52.3622
US2008,7,216.6516
US2008,8,17.2466
US2008,9,8.2071
US2008,10,0.2216
US2008,11,0.1192
US2008,12,0.1908
US2008,13,0.3762
US2008,14,2.7753
US2008,15,6.2558
US2008,16,8.7814
US2008,17,0.9966
US2008,18,24.8452
US2008,19,6.9529
US2008,20,26.9268
US2008,21,11.5752
US2008,22,6.1362
US2008,23,8.7246
US2008,24,23.8365
US2008,25,3.8860
US2008,26,1.9350
US2008,27,0.0319
US2008,28,10.3035
US2008,29,2.6544
US2008,30,8.7393
US2008,31,8.4573
US2008,32,12.0768
US2008,33,8.5430
US2008,34,7.7876
US2008,35,1.7158
US2008,36,2.1235
US2008,37,2.5965
US2008,38,0.3598
US2008,39,13.8378
US2008,40,4.6522
US2008,41,1.8781
US2008,42,11.0460
US2008,43,2.3920
US2008,44,0.4532
US2008,45,0.0195
US2008,46,12.6510
US2008,47,5.3731
US2008,48,38.0690
US2008,49,6.3137
US2008,50,9.9637
US2008,52,0.1612
US2008,53,1.0368
US2008,54,1.8537
US2008,55,13.8969
US2008,56,16.5340
US2008,57,1.4134
US2008,58,1.0986
US2008,59,156.5225
US2008,61,11.4681
US2008,62,0.5548
US2008,63,19.3826
US2008,64,1.3871
US2008,65,2.3204
US2008,66,9.7205
US2008,67,28.4768
US2008,68,14.6712
US2008,69,2.2268
US2009,1,2.5310
US2009,2,513.4683
US2009,3,0.0261
US2009,4,44.4440
US2009,5,0.2461
US2009,6,53.1745
US2009,7,200.2085
US2009,8,19.9324
US2009,9,8.1177
US2009,10,0.3313
US2009,11,0.0371
US2009,12,0.1360
US2009,13,0.2392
US2009,14,3.5914
US2009,15,6.3279
US2009,16,8.4557
US2009,17,1.3126
US2009,18,25.5892
US2009,19,7.0268
US2009,20,29.7585
US2009,21,11.2704
US2009,22,6.1354
US2009,23,9.0092
US2009,24,23.7375
US2009,25,4.1241
US2009,26,2.2185
US2009,27,0.0194
US2009,28,10.7297
US2009,29,2.5657
US2009,30,9.9375
US2009,31,7.7978
US2009,32,10.6723
US2009,33,8.7053
US2009,34,7.9419
US2009,35,1.2589
US2009,36,1.4450
US2009,37,2.6825
US2009,38,0.4895
US2009,39,13.1963
US2009,40,4.4052
US2009,41,2.2775
US2009,42,11.1870
US2009,43,2.6778
US2009,44,0.4717
US2009,45,0.0026
US2009,46,12.8626
US2009,47,5.7337
US2009,48,37.3273
US2009,49,5.8308
US2009,50,11.3276
US2009,52,0.1763
US2009,53,0.9001
US2009,54,1.6783
US2009,55,13.7031
US2009,56,16.6746
US2009,57,1.4679
US2009,58,1.2967
US2009,59,158.8560
US2009,61,12.7400
US2009,62,1.0934
US2009,63,19.1668
US2009,64,1.3477
US2009,65,2.2398
US2009,66,9.4065
US2009,67,28.3992
US2009,68,15.5326
US2009,69,2.3264
US2010,1,3.2924
US2010,2,512.1890
US2010,3,0.1193
US2010,4,46.4514
US2010,5,0.3018
US2010,6,53.2766
US2010,7,201.7438
US2010,8,18.8110
US2010,9,6.1379
US2010,10,0.2453
US2010,11,0.1043
US2010,12,0.0378
US2010,13,0.3348
US2010,14,3.9423
US2010,15,6.9573
US2010,16,8.1958
US2010,17,0.9558
US2010,18,27.1047
US2010,19,6.6670
US2010,20,27.7622
US2010,21,11.4548
US2010,22,6.2801
US2010,23,8.0962
US2010,24,23.3051
US2010,25,3.8301
US2010,26,2.1847
US2010,27,0.0421
US2010,28,9.3545
US2010,29,2.5493
US2010,30,9.5380
US2010,31,7.5769
US2010,32,11.0541
US2010,33,8.4755
US2010,34,9.0190
US2010,35,1.7076
US2010,36,1.5983
US2010,37,2.5152
US2010,38,0.4676
US2010,39,14.4837
US2010,40,4.8765
US2010,41,4.3476
US2010,42,12.1601
US2010,43,2.4206
US2010,44,0.4474
US2010,46,13.9978
US2010,47,5.9602
US2010,48,38.3366
US2010,49,5.1949
US2010,50,10.6228
US2010,52,0.1991
US2010,53,0.8530
US2010,54,1.3474
US2010,55,15.4295
US2010,56,14.6425
US2010,57,2.3047
US2010,58,1.1890
US2010,59,152.0124
US2010,61,14.7144
US2010,62,2.0157
US2010,63,19.1923
US2010,64,1.1557
US2010,65,2.2864
US2010,66,9.4339
US2010,67,28.0406
US2010,68,16.0696
US2010,69,2.5860
US2011,1,2.9567
US2011,2,515.0950
US2011,3,0.0737
US2011,4,45.1932
US2011,5,0.2798
US2011,6,54.3015
US2011,7,205.8729
US2011,8,17.0820
US2011,9,8.5164
US2011,10,0.3417
US2011,11,0.1226
US2011,12,0.0862
US2011,13,0.2201
US2011,14,3.2502
US2011,15,7.4856
US2011,16,8.2777
US2011,17,1.2096
US2011,18,26.7082
US2011,19,6.9066
US2011,20,27.4217
US2011,21,10.6923
US2011,22,6.9737
US2011,23,8.5459
US2011,24,22.8046
US2011,25,3.4746
US2011,26,1.7064
US2011,27,0.0082
US2011,28,9.0666
US2011,29,2.9927
US2011,30,9.4533
US2011,31,6.9673
US2011,32,11.3403
US2011,33,8.3277
US2011,34,8.4613
US2011,35,1.4310
US2011,36,1.7077
US2011,37,2.4531
US2011,38,0.4159
US2011,39,12.9927
US2011,40,5.3585
US2011,41,2.8891
US2011,42,12.2759
US2011,43,2.9823
US2011,44,0.6320
US2011,45,0.0390
US2011,46,12.0732
US2011,47,5.3367
US2011,48,36.5885
US2011,49,5.2483
US2011,50,11.1748
US2011,52,0.2190
US2011,53,0.8167
US2011,54,1.5062
US2011,55,15.8835
US2011,56,15.1176
US2011,57,2.0032
US2011,58,0.9669
US2011,59,152.7280
US2011,61,15.5450
US2011,62,1.0586
US2011,63,19.4266
US2011,64,1.5961
US2011,65,2.8518
US2011,66,9.3742
US2011,67,27.0991
US2011,68,15.6995
US2011,69,2.2930
US2012,1,2.0295
US2012,2,516.4854
US2012,3,0.0500
US2012,4,43.8392
US2012,5,0.2493
US2012,6,54.2913
US2012,7,204.6716
US2012,8,19.5735
US2012,9,6.1573
US2012,10,0.2109
US2012,11,0.0735
US2012,12,0.0136
US2012,13,0.2902
US2012,14,3.2004
US2012,15,7.4177
US2012,16,9.0619
US2012,17,1.1481
US2012,18,25.8054
US2012,19,6.2711
US2012,20,27.4208
US2012,21,11.4490
US2012,22,5.3553
US2012,23,8.7285
US2012,24,22.0851
US2012,25,4.1171
US2012,26,2.0073
US2012,27,0.0029
US2012,28,9.6196
US2012,29,2.9269
US2012,30,9.7074
US2012,31,7.0315
US2012,32,8.7497
US2012,33,7.6230
US2012,34,8.1713
US2012,35,1.0570
US2012,36,1.4360
US2012,37,2.7864
US2012,38,0.3402
US2012,39,13.1148
US2012,40,5.4885
US2012,41,2.8547
US2012,42,11.8719
US2012,43,3.0148
US2012,44,0.4926
US2012,45,0.0023
US2012,46,11.8381
US2012,47,5.7860
US2012,48,38.4067
US2012,49,5.4423
US2012,50,10.5638
US2012,52,0.3416
US2012,53,0.6885
US2012,54,1.7248
US2012,55,15.7839
US2012,56,15.2685
US2012,57,1.4125
US2012,58,0.9716
US2012,59,159.5997
US2012,61,14.3892
US2012,62,1.0844
US2012,63,19.4456
US2012,64,1.7094
US2012,65,2.5028
US2012,66,8.9664
US2012,67,28.0484
US2012,68,15.6738
US2012,69,2.0576
US2013,1,1.9993
US2013,2,517.4075
US2013,3,0.0815
US2013,4,47.1626
US2013,5,0.4031
US2013,6,53.4741
US2013,7,201.4206
US2013,8,19.0362
US2013,9,6.2177
US2013,10,0.1448
US2013,11,0.0576
US2013,12,0.0855
US2013,13,0.2372
US2013,14,2.8067
US2013,15,5.8988
US2013,16,9.3786
US2013,17,0.7548
US2013,18,28.3749
US2013,19,6.8807
US2013,20,26.9304
US2013,21,11.9370
US2013,22,5.7889
US2013,23,8.3054
US2013,24,22.7803
US2013,25,3.8678
US2013,26,1.9998
US2013,27,0.0329
US2013,28,8.6001
US2013,29,2.9938
US2013,30,9.7584
US2013,31,7.7495
US2013,32,10.6482
US2013,33,7.2191
US2013,34,7.7508
US2013,35,1.4358
US2013,36,1.6067
US2013,37,2.7969
US2013,38,0.3659
US2013,39,13.4838
US2013,40,4.2945
US2013,41,4.0314
US2013,42,11.1379
US2013,43,2.8120
US2013,44,0.4344
US2013,45,0.0180
US2013,46,12.2927
US2013,47,6.3442
US2013,48,39.2632
US2013,49,4.8228
US2013,50,11.9500
US2013,52,0.2169
US2013,53,0.5495
US2013,54,1.4684
US2013,55,16.2769
US2013,56,15.1876
US2013,57,1.1284
US2013,58,1.0892
US2013,59,155.8000
US2013,61,14.0858
US2013,62,1.4549
US2013,63,18.7683
US2013,64,1.1652
US2013,65,2.0442
US2013,66,9.6116
US2013,67,27.5892
US2013,68,15.5295
US2013,69,2.7597
US2014,1,1.9735
US2014,2,520.8617
US2014,3,0.0344
US2014,4,46.4443
US2014,5,0.3581
US2014,6,52.3757
US2014,7,207.0960
US2014,8,20.3858
US2014,9,6.4217
US2014,10,0.1272
US2014,11,0.0517
US2014,12,0.2042
US2014,13,0.2529
US2014,14,3.1097
US2014,15,6.7615
US2014,16,8.4610
US2014,17,0.9492
US2014,18,28.5099
US2014,19,7.2994
US2014,20,25.0478
US2014,21,11.8021
US2014,22,6.0640
US2014,23,8.0135
US2014,24,22.3714
US2014,25,4.2678
US2014,26,2.0467
US2014,27,0.0129
US2014,28,9.5844
US2014,29,2.8467
US2014,30,9.4901
US2014,31,7.7197
US2014,32,10.5410
US2014,33,8.1678
US2014,34,7.6403
US2014,35,2.0022
US2014,36,1.9501
US2014,37,2.5839
US2014,38,0.2582
US2014,39,11.6102
US2014,40,3.8262
US2014,41,2.3701
US2014,42,11.5017
US2014,43,2.9707
US2014,44,0.4574
US2014,45,0.0566
US2014,46,12.3054
US2014,47,6.5005
US2014,48,38.4674
US2014,49,5.0166
US2014,50,11.4053
US2014,52,0.3282
US2014,53,0.6456
US2014,54,1.2533
US2014,55,15.2819
US2014,56,14.6085
US2014,57,1.7928
US2014,58,0.8549
US2014,59,154.1605
US2014,61,15.0084
US2014,62,0.6936
US2014,63,19.3904
US2014,64,1.4016
US2014,65,2.4892
US2014,66,8.9101
US2014,67,25.8358
US2014,68,14.5038
US2014,69,2.2649
US2015,1,1.3906
US2015,2,523.6402
US2015,3,0.0410
US2015,4,47.0839
US2015,5,0.1152
US2015,6,51.5643
US2015,7,202.0624
US2015,8,21.6879
US2015,9,6.8946
US2015,10,0.1651
US2015,11,0.0313
US2015,12,0.3139
US2015,13,0.2682
US2015,14,2.5294
US2015,15,6.0325
US2015,16,9.6672
US2015,17,1.0809
US2015,18,28.8721
US2015,19,8.0374
US2015,20,25.3826
US2015,21,12.9851
US2015,22,7.0173
US2015,23,8.8523
US2015,24,22.5037
US2015,25,3.9309
US2015,26,1.7895
US2015,27,0.0063
US2015,28,8.8743
US2015,29,2.7574
US2015,30,9.3900
US2015,31,7.6053
US2015,32,9.8590
US2015,33,8.0876
US2015,34,8.1301
US2015,35,1.9082
US2015,36,0.9878
US2015,37,2.4502
US2015,38,0.3682
US2015,39,12.1022
US2015,40,4.2323
US2015,41,1.6255
US2015,42,12.0467
US2015,43,3.2495
US2015,44,0.4019
US2015,45,0.0093
US2015,46,13.0411
US2015,47,6.7631
US2015,48,36.7759
US2015,49,5.0377
US2015,50,10.9566
US2015,52,0.2286
US2015,53,0.8466
US2015,54,1.4154
US2015,55,16.0463
US2015,56,14.9083
US2015,57,1.8025
US2015,58,1.2171
US2015,59,152.9148
US2015,61,12.7666
US2015,62,0.9125
US2015,63,19.2474
US2015,64,1.4388
US2015,65,2.1732
US2015,66,9.1963
US2015,67,27.8405
US2015,68,14.2699
US2015,69,2.1695
US2016,1,1.6015
US2016,2,519.5139
US2016,3,0.0301
US2016,4,45.8723
US2016,5,0.0659
US2016,6,50.7469
US2016,7,209.4385
US2016,8,20.0468
US2016,9,7.2326
US2016,10,0.1771
US2016,11,0.0188
US2016,12,0.0484
US2016,13,0.2356
US2016,14,2.3351
US2016,15,7.0293
US2016,16,9.2015
US2016,17,0.7642
US2016,18,28.8851
US2016,19,7.2266
US2016,20,25.4957
US2016,21,12.4794
US2016,22,4.7927
US2016,23,9.8061
US2016,24,22.2100
US2016,25,4.1157
US2016,26,2.3181
US2016,27,0.0213
US2016,28,9.3061
US2016,29,2.6045
US2016,30,8.8505
US2016,31,7.9406
US2016,32,10.6761
US2016,33,7.2951
US2016,34,8.6210
US2016,35,1.6448
US2016,36,1.5078
US2016,37,1.9747
US2016,38,0.3898
US2016,39,12.8762
US2016,40,3.8751
US2016,41,1.5711
US2016,42,10.3125
US2016,43,3.8619
US2016,44,0.5807
US2016,45,0.0169
US2016,46,13.0810
US2016,47,7.6392
US2016,48,35.5849
US2016,49,5.1024
US2016,50,12.2095
US2016,52,0.1932
US2016,53,0.8534
US2016,54,2.1454
US2016,55,17.3735
US2016,56,13.7833
US2016,57,1.9561
US2016,58,0.7814
US2016,59,152.1254
US2016,61,11.4188
US2016,62,1.0662
US2016,63,19.6387
US2016,64,1.2820
US2016,65,2.1389
US2016,66,9.5003
US2016,67,29.0515
US2016,68,15.1858
US2016,69,2.2748
US2017,1,1.6033
US2017,2,520.8279
US2017,3,0.0890
US2017,4,46.1148
US2017,5,0.0335
US2017,6,50.1946
US2017,7,208.4204
US2017,8,20.8907
US2017,9,7.2570
US2017,10,0.3903
US2017,11,0.0266
US2017,12,0.1240
US2017,13,0.2888
US2017,14,2.6125
US2017,15,7.5627
US2017,16,9.0491
US2017,17,1.1008
US2017,18,29.3915
US2017,19,7.4441
US2017,20,24.9912
US2017,21,10.5302
US2017,22,6.1056
US2017,23,8.7157
US2017,24,21.2896
US2017,25,3.9896
US2017,26,1.8156
US2017,27,0.0125
US2017,28,9.5635
US2017,29,2.3190
US2017,30,8.8248
US2017,31,7.8206
US2017,32,10.6908
US2017,33,8.0702
US2017,34,7.4649
US2017,35,1.8946
US2017,36,1.6425
US2017,37,2.8824
US2017,38,0.4293
US2017,39,13.0337
US2017,40,5.4448
US2017,41,1.6161
US2017,42,10.8632
US2017,43,3.2209
US2017,44,0.7456
US2017,45,0.0412
US2017,46,10.6419
US2017,47,7.8237
US2017,48,33.5449
US2017,49,5.0601
US2017,50,13.8199
US2017,52,0.2377
US2017,53,0.4085
US2017,54,1.8129
US2017,55,19.3772
US2017,56,12.7224
US2017,57,2.2141
US2017,58,0.9726
US2017,59,151.2530
US2017,61,12.7778
US2017,62,0.8054
US2017,63,20.9214
US2017,64,1.4928
US2017,65,2.2345
US2017,66,9.0086
US2017,67,27.3504
US2017,68,15.2381
US2017,69,2.8424
US2018,1,1.5663
US2018,2,523.8422
US2018,3,0.0062
US2018,4,44.3259
US2018,5,0.0345
US2018,6,50.4832
US2018,7,209.0540
US2018,8,19.4620
US2018,9,6.3808
US2018,10,0.1360
US2018,11,0.0487
US2018,12,0.0835
US2018,13,0.2507
US2018,14,2.1332
US2018,15,7.9484
US2018,16,9.9801
US2018,17,0.8028
US2018,18,28.5021
US2018,19,7.2295
US2018,20,22.7898
US2018,21,12.7322
US2018,22,5.0047
US2018,23,9.2519
US2018,24,20.7335
US2018,25,4.1897
US2018,26,2.1018
US2018,27,0.0154
US2018,28,8.7845
US2018,29,2.3750
US2018,30,8.2076
US2018,31,8.3865
US2018,32,12.0580
US2018,33,6.7847
US2018,34,7.4784
US2018,35,2.6143
US2018,36,1.6286
US2018,37,3.0823
US2018,38,0.3087
US2018,39,12.8498
US2018,40,3.8175
US2018,41,2.0416
US2018,42,10.4679
US2018,43,3.2531
US2018,44,0.5881
US2018,45,0.2286
US2018,46,10.9495
US2018,47,7.4497
US2018,48,34.7906
US2018,49,4.9953
US2018,50,15.7355
US2018,52,0.4582
US2018,53,0.6502
US2018,54,1.5505
US2018,55,18.2492
US2018,56,11.5030
US2018,57,3.0745
US2018,58,1.0480
US2018,59,153.9448
US2018,61,12.1048
US2018,62,1.4405
US2018,63,20.3395
US2018,64,1.2307
US2018,65,2.1060
US2018,66,8.7879
US2018,67,27.2685
US2018,68,15.2762
US2018,69,3.0023
US2019,1,2.0236
US2019,2,524.6796
US2019,3,0.0347
US2019,4,45.2190
US2019,5,0.0244
US2019,6,51.2433
US2019,7,210.2318
US2019,8,22.6411
US2019,9,6.9850
US2019,10,0.6462
US2019,11,0.0388
US2019,13,0.2845
US2019,14,2.0050
US2019,15,5.7810
US2019,16,10.6976
US2019,17,0.7087
US2019,18,29.0181
US2019,19,7.5383
US2019,20,22.4086
US2019,21,11.7798
US2019,22,5.2768
US2019,23,9.9367
US2019,24,21.5888
US2019,25,4.1787
US2019,26,1.6266
US2019,27,0.0807
US2019,28,8.7211
US2019,29,2.1282
US2019,30,8.7517
US2019,31,7.3525
US2019,32,10.1153
US2019,33,6.8006
US2019,34,7.2250
US2019,35,2.0882
US2019,36,1.6974
US2019,37,2.3174
US2019,38,0.3177
US2019,39,12.3086
US2019,40,3.8303
US2019,41,2.2014
US2019,42,10.8014
US2019,43,3.3950
US2019,44,0.5428
US2019,45,0.0586
US2019,46,12.4994
US2019,47,7.3991
US2019,48,33.9270
US2019,49,5.4291
US2019,50,13.3999
US2019,52,0.3174
US2019,53,0.7011
US2019,54,1.8835
US2019,55,16.9094
US2019,56,12.8703
US2019,57,1.9702
US2019,58,0.7719
US2019,59,151.2714
US2019,61,11.0986
US2019,62,1.3167
US2019,63,20.3471
US2019,64,0.9590
US2019,65,2.1023
US2019,66,8.9120
US2019,67,29.1869
US2019,68,16.3079
US2019,69,3.0895
US2020,1,1.8330
US2020,2,535.6172
US2020,3,0.0573
US2020,4,41.1253
US2020,6,56.6701
US2020,7,162.5745
US2020,8,56.0447
US2020,9,6.0311
US2020,10,0.2399
US2020,11,0.0016
US2020,12,0.1046
US2020,13,0.2939
US2020,14,1.9720
US2020,15,6.6409
US2020,16,11.1036
US2020,17,0.7086
US2020,18,31.9336
US2020,19,7.7940
US2020,20,28.2728
US2020,21,11.9761
US2020,22,6.8246
US2020,23,9.2014
US2020,24,18.0057
US2020,25,4.8590
US2020,26,1.6163
US2020,27,0.0201
US2020,28,8.2753
US2020,29,4.7899
US2020,30,10.1957
US2020,31,6.2080
US2020,32,9.7446
US2020,33,4.9396
US2020,34,5.2140
US2020,35,1.1863
US2020,36,0.6039
US2020,37,0.7847
US2020,38,0.1578
US2020,39,5.9278
US2020,40,2.4475
US2020,41,1.4210
US2020,42,10.4248
US2020,43,5.2141
US2020,44,0.7438
US2020,45,0.0432
US2020,46,15.1084
US2020,47,7.3268
US2020,48,31.6006
US2020,49,7.5502
US2020,50,18.5361
US2020,52,0.8571
US2020,53,0.6007
US2020,54,2.2002
US2020,55,23.5044
US2020,56,13.9990
US2020,57,2.0498
US2020,58,0.6135
US2020,59,162.8331
US2020,61,13.5178
US2020,62,0.9599
US2020,63,14.8609
US2020,64,0.6676
US2020,65,1.0307
US2020,66,5.6441
US2020,67,22.8184
US2020,68,10.2136
US2020,69,3.6633
US2021,1,1.3047
US2021,2,530.4297
US2021,3,0.0126
US2021,4,44.1120
US2021,5,0.0103
US2021,6,58.0250
US2021,7,166.2054
US2021,8,63.2160
US2021,9,5.7964
US2021,10,0.3481
US2021,11,0.0323
US2021,12,0.1224
US2021,13,0.3036
US2021,14,2.8260
US2021,15,5.6638
US2021,16,9.9433
US2021,17,1.1227
US2021,18,31.0464
US2021,19,8.3445
US2021,20,25.9932
US2021,21,11.3373
US2021,22,5.5856
US2021,23,9.8638
US2021,24,19.1368
US2021,25,4.4880
US2021,26,2.0742
US2021,27,0.0358
US2021,28,8.6533
US2021,29,2.5832
US2021,30,9.5535
US2021,31,6.6278
US2021,32,10.4275
US2021,33,4.5738
US2021,34,5.8595
US2021,35,1.1914
US2021,36,1.0889
US2021,37,0.6821
US2021,38,0.3145
US2021,39,8.1485
US2021,40,3.1475
US2021,41,1.0400
US2021,42,11.0003
US2021,43,4.4243
US2021,44,0.8833
US2021,45,0.1088
US2021,46,12.5609
US2021,47,9.6853
US2021,48,32.2603
US2021,49,7.4733
US2021,50,18.5445
US2021,52,0.3038
US2021,53,0.5216
US2021,54,2.6504
US2021,55,19.4089
US2021,56,13.5563
US2021,57,2.3658
US2021,58,0.8980
US2021,59,153.8176
US2021,61,13.4377
US2021,62,0.6093
US2021,63,15.4034
US2021,64,0.6816
US2021,65,1.1658
US2021,66,7.1646
US2021,67,23.9107
US2021,68,12.9494
US2021,69,2.9424
US2022,1,1.9737
US2022,2,535.1420
US2022,4,44.8842
US2022,5,0.0348
US2022,6,57.7484
US2022,7,176.1639
US2022,8,55.0302
US2022,9,6.5914
US2022,10,0.3376
US2022,11,0.0668
US2022,12,0.0530
US2022,13,0.2986
US2022,14,1.5276
US2022,15,5.3851
US2022,16,8.7976
US2022,17,0.6723
US2022,18,30.9335
US2022,19,7.8636
US2022,20,24.8595
US2022,21,11.2366
US2022,22,5.9011
US2022,23,9.6573
US2022,24,19.3607
US2022,25,4.3364
US2022,26,1.6153
US2022,27,0.0723
US2022,28,7.6269
US2022,29,2.0152
US2022,30,8.3377
US2022,31,7.7769
US2022,32,10.0377
US2022,33,5.1064
US2022,34,6.4949
US2022,35,2.2140
US2022,36,1.3249
US2022,37,1.6799
US2022,38,0.5581
US2022,39,9.9101
US2022,40,3.5181
US2022,41,1.2293
US2022,42,10.2395
US2022,43,4.0123
US2022,44,0.9108
US2022,45,0.0376
US2022,46,11.6733
US2022,47,8.8991
US2022,48,30.4580
US2022,49,5.6153
US2022,50,20.4118
US2022,52,0.2266
US2022,53,0.7156
US2022,54,2.3973
US2022,55,20.6918
US2022,56,12.1088
US2022,57,1.5429
US2022,58,1.0099
US2022,59,149.5804
US2022,61,12.9529
US2022,62,1.1861
US2022,63,16.0850
US2022,64,1.1537
US2022,65,1.7691
US2022,66,8.2503
US2022,67,23.7847
US2022,68,13.0894
US2022,69,2.8243
US2023,1,1.7664
US2023,2,539.2430
US2023,3,0.0258
US2023,4,44.5803
US2023,5,0.0435
US2023,6,56.0176
US2023,7,184.8291
US2023,8,52.4360
US2023,9,5.3575
US2023,10,0.2663
US2023,11,0.0534
US2023,12,0.1442
US2023,13,0.3026
US2023,14,2.1806
US2023,15,4.7295
US2023,16,9.2249
US2023,17,0.5722
US2023,18,31.3063
US2023,19,7.6812
US2023,20,27.2757
US2023,21,12.3895
US2023,22,4.9173
US2023,23,9.0079
US2023,24,18.6106
US2023,25,4.2061
US2023,26,1.2800
US2023,27,0.0303
US2023,28,9.5761
US2023,29,1.9529
US2023,30,7.8819
US2023,31,8.0547
US2023,32,9.3990
US2023,33,4.6850
US2023,34,6.1504
US2023,35,1.5440
US2023,36,1.6848
US2023,37,1.8712
US2023,38,0.3764
US2023,39,9.2259
US2023,40,4.0656
US2023,41,1.3121
US2023,42,11.3857
US2023,43,3.7336
US2023,44,0.6995
US2023,45,0.2067
US2023,46,10.2911
US2023,47,9.1785
US2023,48,31.4702
US2023,49,5.8664
US2023,50,19.2713
US2023,52,0.5139
US2023,53,0.4197
US2023,54,2.0206
US2023,55,20.2175
US2023,56,11.6152
US2023,57,1.6699
US2023,58,1.0902
US2023,59,139.7364
US2023,61,13.3552
US2023,62,0.7867
US2023,63,17.8249
US2023,64,0.7226
US2023,65,1.6966
US2023,66,8.8120
US2023,67,24.3158
US2023,68,14.1844
US2023,69,2.6572
US2024,1,1.5778
US2024,2,535.7986
US2024,3,0.0493
US2024,4,44.4330
US2024,5,0.0248
US2024,6,56.0391
US2024,7,174.1888
US2024,8,48.0252
US2024,9,7.0161
US2024,10,0.1863
US2024,11,0.0292
US2024,12,0.0955
US2024,13,0.3384
US2024,14,1.6003
US2024,15,6.4794
US2024,16,8.7153
US2024,17,0.9492
US2024,18,33.6203
US2024,19,7.8402
US2024,20,28.7708
US2024,21,10.6117
US2024,22,5.6123
US2024,23,10.0599
US2024,24,18.5168
US2024,25,4.4699
US2024,26,1.4419
US2024,27,0.0477
US2024,28,9.5093
US2024,29,1.7325
US2024,30,8.5787
US2024,31,8.8838
US2024,32,10.0995
US2024,33,6.9099
US2024,34,7.1967
US2024,35,1.5431
US2024,36,1.7140
US2024,37,1.3651
US2024,38,0.4444
US2024,39,10.9113
US2024,40,3.5818
US2024,41,1.4613
US2024,42,10.3436
US2024,43,4.1698
US2024,44,0.8081
US2024,45,0.0526
US2024,46,12.3200
US2024,47,8.6613
US2024,48,32.5421
US2024,49,6.9863
US2024,50,20.7458
US2024,52,0.3526
US2024,53,0.4775
US2024,54,1.8156
US2024,55,20.6876
US2024,56,12.8229
US2024,57,1.6186
US2024,58,0.8518
US2024,59,138.6184
US2024,61,13.0870
US2024,62,0.7567
US2024,63,17.6819
US2024,64,1.0954
US2024,65,2.1095
US2024,66,8.7698
US2024,67,25.2823
US2024,68,14.0022
US2024,69,2.8710
ZA2000,2,571.8177
ZA2000,4,34.6681
ZA2000,5,6.3020
ZA2000,6,61.9579
ZA2000,7,130.1269
ZA2000,8,10.2819
ZA2000,10,29.9542
ZA2000,11,2.6076
ZA2000,12,3.7409
ZA2000,14,5.8830
ZA2000,15,21.9162
ZA2000,16,10.2425
ZA2000,17,0.9663
ZA2000,18,65.0611
ZA2000,20,46.7067
ZA2000,21,21.6250
ZA2000,22,9.7141
ZA2000,23,0.4036
ZA2000,24,9.1302
ZA2000,25,1.3148
ZA2000,26,1.3470
ZA2000,27,0.4368
ZA2000,28,13.9923
ZA2000,29,1.5450
ZA2000,31,2.3811
ZA2000,32,0.6597
ZA2000,33,4.8962
ZA2000,34,14.9860
ZA2000,37,2.5469
ZA2000,40,5.4694
ZA2000,42,6.8694
ZA2000,48,48.6755
ZA2000,50,53.8850
ZA2000,52,1.0801
ZA2000,55,41.8704
ZA2000,56,7.1461
ZA2000,57,21.3013
ZA2000,59,84.4625
ZA2000,61,0.5119
ZA2000,63,31.0640
ZA2000,64,6.5753
ZA2000,65,1.0852
ZA2000,66,2.1446
ZA2000,67,7.9520
ZA2000,68,32.6957
ZA2010,2,549.8124
ZA2010,4,64.7346
ZA2010,5,10.3844
ZA2010,6,64.2004
ZA2010,7,143.7581
ZA2010,8,11.4847
ZA2010,10,22.1913
ZA2010,11,1.2040
ZA2010,12,6.3936
ZA2010,14,3.5135
ZA2010,15,10.2598
ZA2010,16,7.8529
ZA2010,17,1.5878
ZA2010,18,66.4212
ZA2010,20,47.4191
ZA2010,21,19.9308
ZA2010,22,8.9551
ZA2010,23,0.3439
ZA2010,24,10.6859
ZA2010,25,2.3604
ZA2010,26,0.9290
ZA2010,27,0.6742
ZA2010,28,15.8615
ZA2010,29,0.4052
ZA2010,31,1.2924
ZA2010,32,0.8622
ZA2010,33,4.5443
ZA2010,34,15.3035
ZA2010,37,1.8971
ZA2010,40,4.9258
ZA2010,42,4.2544
ZA2010,48,42.0250
ZA2010,50,42.3716
ZA2010,52,0.5385
ZA2010,55,48.2921
ZA2010,56,5.2388
ZA2010,57,11.1636
ZA2010,59,114.7795
ZA2010,61,1.3058
ZA2010,63,32.6639
ZA2010,64,3.9070
ZA2010,65,0.8119
ZA2010,66,1.6603
ZA2010,67,7.9461
ZA2010,68,22.8525
