practice_code,practice_name,scenarios,units,has_labour_line,has_time_unit,names_foregone_income,source
101,CNMP Design and Implementation Activity,4,AU|No,False,False,False,"NRCS EQIP payment schedule, Pennsylvania EQIP-1, FY2026 (ps_results_equi_2026.csv)"
102,Comprehensive Nutrient Management Plan,6,AU|No,False,False,False,"NRCS EQIP payment schedule, Pennsylvania EQIP-1, FY2026 (ps_results_equi_2026.csv)"
106,Forest Management Plan,2,Ac|No,False,False,False,"NRCS EQIP payment schedule, Pennsylvania EQIP-1, FY2026 (ps_results_equi_2026.csv)"
110,Grazing Management Plan,2,Ac|No,False,False,False,"NRCS EQIP payment schedule, Pennsylvania EQIP-1, FY2026 (ps_results_equi_2026.csv)"
116,Soil Health Management Plan,3,No,False,False,False,"NRCS EQIP payment schedule, Pennsylvania EQIP-1, FY2026 (ps_results_equi_2026.csv)"
120,Agricultural Energy Design,6,No,False,False,False,"NRCS EQIP payment schedule, Pennsylvania EQIP-1, FY2026 (ps_results_equi_2026.csv)"
138,Conservation Plan Supporting Organic Transition,3,No,False,False,False,"NRCS EQIP payment schedule, Pennsylvania EQIP-1, FY2026 (ps_results_equi_2026.csv)"
140,Transition to Organic Design,2,No,False,False,False,"NRCS EQIP payment schedule, Pennsylvania EQIP-1, FY2026 (ps_results_equi_2026.csv)"
144,Fish and Wildlife Habitat Design,2,No,False,False,False,"NRCS EQIP payment schedule, Pennsylvania EQIP-1, FY2026 (ps_results_equi_2026.csv)"
148,Pollinator Habitat Design,1,No,False,False,False,"NRCS EQIP payment schedule, Pennsylvania EQIP-1, FY2026 (ps_results_equi_2026.csv)"
157,Nutrient Management Design and Implementation Activity ,2,Ac|No,False,False,False,"NRCS EQIP payment schedule, Pennsylvania EQIP-1, FY2026 (ps_results_equi_2026.csv)"
158,Feed Management Design,1,No,False,False,False,"NRCS EQIP payment schedule, Pennsylvania EQIP-1, FY2026 (ps_results_equi_2026.csv)"
159,Grazing Management Design,2,Ac|No,False,False,False,"NRCS EQIP payment schedule, Pennsylvania EQIP-1, FY2026 (ps_results_equi_2026.csv)"
160,Prescribed Burning Design,2,Ac|No,False,False,False,"NRCS EQIP payment schedule, Pennsylvania EQIP-1, FY2026 (ps_results_equi_2026.csv)"
161,Pest Management Conservation System Design,3,No,False,False,False,"NRCS EQIP payment schedule, Pennsylvania EQIP-1, FY2026 (ps_results_equi_2026.csv)"
162,Soil Health Management System Design,3,No,False,False,False,"NRCS EQIP payment schedule, Pennsylvania EQIP-1, FY2026 (ps_results_equi_2026.csv)"
163,Irrigation Water Management Design ,4,No,False,False,False,"NRCS EQIP payment schedule, Pennsylvania EQIP-1, FY2026 (ps_results_equi_2026.csv)"
164,Improved Management of Drainage Water Design,3,No,False,False,False,"NRCS EQIP payment schedule, Pennsylvania EQIP-1, FY2026 (ps_results_equi_2026.csv)"
165,Forest Management Practice Design,2,Ac|No,False,False,False,"NRCS EQIP payment schedule, Pennsylvania EQIP-1, FY2026 (ps_results_equi_2026.csv)"
199,Conservation Plan,7,Ac|No,False,False,False,"NRCS EQIP payment schedule, Pennsylvania EQIP-1, FY2026 (ps_results_equi_2026.csv)"
201,Edge-of-Field Water Quality Monitoring-Data Collection and Evaluation,8,Ea,False,False,False,"NRCS EQIP payment schedule, Pennsylvania EQIP-1, FY2026 (ps_results_equi_2026.csv)"
202,Edge-of-Field Water Quality Monitoring-System Installation,5,Ea,False,False,False,"NRCS EQIP payment schedule, Pennsylvania EQIP-1, FY2026 (ps_results_equi_2026.csv)"
204,Adaptive Management for Soil Health,1,No,False,False,False,"NRCS EQIP payment schedule, Pennsylvania EQIP-1, FY2026 (ps_results_equi_2026.csv)"
206,Feed and Forage Analysis,1,No,False,False,False,"NRCS EQIP payment schedule, Pennsylvania EQIP-1, FY2026 (ps_results_equi_2026.csv)"
207,Site Assessment and Soil Testing for Contaminants Activity,4,No|kSqFt,False,False,False,"NRCS EQIP payment schedule, Pennsylvania EQIP-1, FY2026 (ps_results_equi_2026.csv)"
209,PFAS Testing in Water or Soil,3,No,False,False,False,"NRCS EQIP payment schedule, Pennsylvania EQIP-1, FY2026 (ps_results_equi_2026.csv)"
216,Soil Health Testing,2,No,False,False,False,"NRCS EQIP payment schedule, Pennsylvania EQIP-1, FY2026 (ps_results_equi_2026.csv)"
217,Soil and Source Testing for Nutrient Management,7,No,False,False,False,"NRCS EQIP payment schedule, Pennsylvania EQIP-1, FY2026 (ps_results_equi_2026.csv)"
218,Carbon Sequestration and Greenhouse Gas Mitigation Assessment,3,No,False,False,False,"NRCS EQIP payment schedule, Pennsylvania EQIP-1, FY2026 (ps_results_equi_2026.csv)"
219,Prescribed Grazing Conservation Evaluation and Monitoring Activity,2,Ac|No,False,False,False,"NRCS EQIP payment schedule, Pennsylvania EQIP-1, FY2026 (ps_results_equi_2026.csv)"
221,Soil Organic Carbon Stock Monitoring,2,No,False,False,False,"NRCS EQIP payment schedule, Pennsylvania EQIP-1, FY2026 (ps_results_equi_2026.csv)"
222,Indigenous Stewardship Methods Evaluation,2,Ac|No,False,False,False,"NRCS EQIP payment schedule, Pennsylvania EQIP-1, FY2026 (ps_results_equi_2026.csv)"
223,Forest Management Assessment,2,Ac|No,False,False,False,"NRCS EQIP payment schedule, Pennsylvania EQIP-1, FY2026 (ps_results_equi_2026.csv)"
224,Aquifer Flow Test,1,No,False,False,False,"NRCS EQIP payment schedule, Pennsylvania EQIP-1, FY2026 (ps_results_equi_2026.csv)"
226,Waste Facility Site Suitability and Feasibility Assessment,2,No,False,False,False,"NRCS EQIP payment schedule, Pennsylvania EQIP-1, FY2026 (ps_results_equi_2026.csv)"
227,Evaluation of Existing Waste Storage Facility Components,2,No,False,False,False,"NRCS EQIP payment schedule, Pennsylvania EQIP-1, FY2026 (ps_results_equi_2026.csv)"
228,Agricultural Energy Assessment,6,No,False,False,False,"NRCS EQIP payment schedule, Pennsylvania EQIP-1, FY2026 (ps_results_equi_2026.csv)"
297,Feral Swine Damage Assessment,2,Ea,False,False,False,"NRCS EQIP payment schedule, Pennsylvania EQIP-1, FY2026 (ps_results_equi_2026.csv)"
309,Agrichemical Handling Facility,1,SqFt,False,False,False,"NRCS EQIP payment schedule, Pennsylvania EQIP-1, FY2026 (ps_results_equi_2026.csv)"
311,Alley Cropping,1,Ea,False,False,False,"NRCS EQIP payment schedule, Pennsylvania EQIP-1, FY2026 (ps_results_equi_2026.csv)"
313,Waste Storage Facility,14,Cu-Ft|No|SqFt,False,False,False,"NRCS EQIP payment schedule, Pennsylvania EQIP-1, FY2026 (ps_results_equi_2026.csv)"
314,Brush Management,11,Ac,False,False,False,"NRCS EQIP payment schedule, Pennsylvania EQIP-1, FY2026 (ps_results_equi_2026.csv)"
315,Herbaceous Weed Treatment,10,Ac,False,False,False,"NRCS EQIP payment schedule, Pennsylvania EQIP-1, FY2026 (ps_results_equi_2026.csv)"
316,Animal Mortality Facility,11,Lb/Day|No|SqFt,False,False,False,"NRCS EQIP payment schedule, Pennsylvania EQIP-1, FY2026 (ps_results_equi_2026.csv)"
317,Composting Facility,2,No|SqFt,False,False,False,"NRCS EQIP payment schedule, Pennsylvania EQIP-1, FY2026 (ps_results_equi_2026.csv)"
319,On-Farm Secondary Containment Facility,4,CuYd|Gal|No,False,False,False,"NRCS EQIP payment schedule, Pennsylvania EQIP-1, FY2026 (ps_results_equi_2026.csv)"
320,Irrigation Canal or Lateral,1,CuYd,False,False,False,"NRCS EQIP payment schedule, Pennsylvania EQIP-1, FY2026 (ps_results_equi_2026.csv)"
324,Deep Tillage,3,Ac,False,False,False,"NRCS EQIP payment schedule, Pennsylvania EQIP-1, FY2026 (ps_results_equi_2026.csv)"
325,High Tunnel System,4,No|SqFt,False,False,False,"NRCS EQIP payment schedule, Pennsylvania EQIP-1, FY2026 (ps_results_equi_2026.csv)"
326,Clearing and Snagging,2,Lnft|No,False,False,False,"NRCS EQIP payment schedule, Pennsylvania EQIP-1, FY2026 (ps_results_equi_2026.csv)"
327,Conservation Cover,5,Ac,False,False,True,"NRCS EQIP payment schedule, Pennsylvania EQIP-1, FY2026 (ps_results_equi_2026.csv)"
328,Conservation Crop Rotation,7,Ac|kSqFt,False,False,False,"NRCS EQIP payment schedule, Pennsylvania EQIP-1, FY2026 (ps_results_equi_2026.csv)"
329,"Residue and Tillage Management, No Till",3,Ac|Ea|kSqFt,False,False,False,"NRCS EQIP payment schedule, Pennsylvania EQIP-1, FY2026 (ps_results_equi_2026.csv)"
330,Contour Farming,1,Ac,False,False,False,"NRCS EQIP payment schedule, Pennsylvania EQIP-1, FY2026 (ps_results_equi_2026.csv)"
331,Contour Orchard and Other Perennial Crops,1,Ac,False,False,False,"NRCS EQIP payment schedule, Pennsylvania EQIP-1, FY2026 (ps_results_equi_2026.csv)"
332,Contour Buffer Strips,3,Ac,False,False,True,"NRCS EQIP payment schedule, Pennsylvania EQIP-1, FY2026 (ps_results_equi_2026.csv)"
333,Amending Soil Properties with Gypsum Products,2,Ac,False,False,False,"NRCS EQIP payment schedule, Pennsylvania EQIP-1, FY2026 (ps_results_equi_2026.csv)"
334,Controlled Traffic Farming,1,Ac,False,False,False,"NRCS EQIP payment schedule, Pennsylvania EQIP-1, FY2026 (ps_results_equi_2026.csv)"
336,Soil Carbon Amendment,9,Ac|kSqFt,False,False,False,"NRCS EQIP payment schedule, Pennsylvania EQIP-1, FY2026 (ps_results_equi_2026.csv)"
338,Prescribed Burning,10,Ac,False,False,False,"NRCS EQIP payment schedule, Pennsylvania EQIP-1, FY2026 (ps_results_equi_2026.csv)"
340,Cover Crop,5,Ac|Ea|kSqFt,False,False,False,"NRCS EQIP payment schedule, Pennsylvania EQIP-1, FY2026 (ps_results_equi_2026.csv)"
342,Critical Area Planting,8,Ac|kSqFt,False,False,False,"NRCS EQIP payment schedule, Pennsylvania EQIP-1, FY2026 (ps_results_equi_2026.csv)"
345,"Residue and Tillage Management, Reduced Till",5,Ac|Ea|kSqFt,False,False,False,"NRCS EQIP payment schedule, Pennsylvania EQIP-1, FY2026 (ps_results_equi_2026.csv)"
348,"Dam, Diversion",5,CuYd|SqFt,False,False,False,"NRCS EQIP payment schedule, Pennsylvania EQIP-1, FY2026 (ps_results_equi_2026.csv)"
350,Sediment Basin,3,CuYd,False,False,False,"NRCS EQIP payment schedule, Pennsylvania EQIP-1, FY2026 (ps_results_equi_2026.csv)"
351,Well Decommissioning,4,CuYd|No,False,False,False,"NRCS EQIP payment schedule, Pennsylvania EQIP-1, FY2026 (ps_results_equi_2026.csv)"
352,Controlling Existing Flowing Well,3,No,False,False,False,"NRCS EQIP payment schedule, Pennsylvania EQIP-1, FY2026 (ps_results_equi_2026.csv)"
353,Monitoring Well,2,Ft,False,False,False,"NRCS EQIP payment schedule, Pennsylvania EQIP-1, FY2026 (ps_results_equi_2026.csv)"
355,Groundwater Testing,3,Ea,False,False,False,"NRCS EQIP payment schedule, Pennsylvania EQIP-1, FY2026 (ps_results_equi_2026.csv)"
356,Dike and Levee,4,CuYd,False,False,False,"NRCS EQIP payment schedule, Pennsylvania EQIP-1, FY2026 (ps_results_equi_2026.csv)"
359,Waste Treatment Lagoon,1,Cu-Ft,False,False,False,"NRCS EQIP payment schedule, Pennsylvania EQIP-1, FY2026 (ps_results_equi_2026.csv)"
360,Waste Facility Closure,12,Cu-Ft|SqFt,False,False,False,"NRCS EQIP payment schedule, Pennsylvania EQIP-1, FY2026 (ps_results_equi_2026.csv)"
362,Diversion,4,CuYd|No,False,False,False,"NRCS EQIP payment schedule, Pennsylvania EQIP-1, FY2026 (ps_results_equi_2026.csv)"
366,Anaerobic Digester,5,AU|No,False,False,False,"NRCS EQIP payment schedule, Pennsylvania EQIP-1, FY2026 (ps_results_equi_2026.csv)"
367,Roofs and Covers,14,No|SqFt,False,False,False,"NRCS EQIP payment schedule, Pennsylvania EQIP-1, FY2026 (ps_results_equi_2026.csv)"
368,Emergency Animal Mortality Management,8,AU|Ea|Lb,False,False,False,"NRCS EQIP payment schedule, Pennsylvania EQIP-1, FY2026 (ps_results_equi_2026.csv)"
372,Combustion System Improvement,22,BHP|Bu/Hr|Ea|Gal/Hr|HP|No|SqFt,False,False,False,"NRCS EQIP payment schedule, Pennsylvania EQIP-1, FY2026 (ps_results_equi_2026.csv)"
373,Dust Control on Unpaved Roads and Surfaces,7,SqFt,False,False,False,"NRCS EQIP payment schedule, Pennsylvania EQIP-1, FY2026 (ps_results_equi_2026.csv)"
374,Energy Efficient Agricultural Operation,26,Ea|Lnft|No|SqFt|kBTU/Hr,False,False,False,"NRCS EQIP payment schedule, Pennsylvania EQIP-1, FY2026 (ps_results_equi_2026.csv)"
376,Field Operations Emissions Reduction,6,Ac,False,False,False,"NRCS EQIP payment schedule, Pennsylvania EQIP-1, FY2026 (ps_results_equi_2026.csv)"
378,Pond,3,CuYd,False,False,False,"NRCS EQIP payment schedule, Pennsylvania EQIP-1, FY2026 (ps_results_equi_2026.csv)"
379,Forest Farming,3,Ac,False,False,False,"NRCS EQIP payment schedule, Pennsylvania EQIP-1, FY2026 (ps_results_equi_2026.csv)"
380,Windbreak/Shelterbelt Establishment and Renovation,4,Ft,False,False,False,"NRCS EQIP payment schedule, Pennsylvania EQIP-1, FY2026 (ps_results_equi_2026.csv)"
381,Silvopasture,5,Ac,False,False,False,"NRCS EQIP payment schedule, Pennsylvania EQIP-1, FY2026 (ps_results_equi_2026.csv)"
382,Fence,8,Ft|No,False,False,False,"NRCS EQIP payment schedule, Pennsylvania EQIP-1, FY2026 (ps_results_equi_2026.csv)"
383,Fuel Break,4,Ac,False,False,False,"NRCS EQIP payment schedule, Pennsylvania EQIP-1, FY2026 (ps_results_equi_2026.csv)"
384,Woody Residue Treatment,5,Ac,False,False,False,"NRCS EQIP payment schedule, Pennsylvania EQIP-1, FY2026 (ps_results_equi_2026.csv)"
386,Field Border,5,Ac|kSqFt,False,False,True,"NRCS EQIP payment schedule, Pennsylvania EQIP-1, FY2026 (ps_results_equi_2026.csv)"
388,Irrigation Field Ditch,1,CuYd,False,False,False,"NRCS EQIP payment schedule, Pennsylvania EQIP-1, FY2026 (ps_results_equi_2026.csv)"
390,Riparian Herbaceous Cover,8,Ac,False,False,False,"NRCS EQIP payment schedule, Pennsylvania EQIP-1, FY2026 (ps_results_equi_2026.csv)"
391,Riparian Forest Buffer,1,Ac,False,False,False,"NRCS EQIP payment schedule, Pennsylvania EQIP-1, FY2026 (ps_results_equi_2026.csv)"
393,Filter Strip,2,Ac,False,False,True,"NRCS EQIP payment schedule, Pennsylvania EQIP-1, FY2026 (ps_results_equi_2026.csv)"
394,Firebreak,5,100 Ft|Ft,False,False,False,"NRCS EQIP payment schedule, Pennsylvania EQIP-1, FY2026 (ps_results_equi_2026.csv)"
395,Stream Habitat Improvement and Management,12,Ac|CuYd|Ea,False,False,False,"NRCS EQIP payment schedule, Pennsylvania EQIP-1, FY2026 (ps_results_equi_2026.csv)"
396,Aquatic Organism Passage,24,Ac|CuYd|Ea|Ft|GPM,False,False,False,"NRCS EQIP payment schedule, Pennsylvania EQIP-1, FY2026 (ps_results_equi_2026.csv)"
397,Aquaculture Pond,1,Ac,False,False,False,"NRCS EQIP payment schedule, Pennsylvania EQIP-1, FY2026 (ps_results_equi_2026.csv)"
398,Fish Raceway or Tank,1,Cu-Ft,False,False,False,"NRCS EQIP payment schedule, Pennsylvania EQIP-1, FY2026 (ps_results_equi_2026.csv)"
399,Fishpond Management,3,Ac,False,False,False,"NRCS EQIP payment schedule, Pennsylvania EQIP-1, FY2026 (ps_results_equi_2026.csv)"
400,Bivalve Aquaculture Gear and Biofouling Control,2,Ac|Ea,False,False,False,"NRCS EQIP payment schedule, Pennsylvania EQIP-1, FY2026 (ps_results_equi_2026.csv)"
402,Dam,1,CuYd,False,False,False,"NRCS EQIP payment schedule, Pennsylvania EQIP-1, FY2026 (ps_results_equi_2026.csv)"
410,Grade Stabilization Structure,10,CuYd|Ea|SqFt|Ton,False,False,False,"NRCS EQIP payment schedule, Pennsylvania EQIP-1, FY2026 (ps_results_equi_2026.csv)"
412,Grassed Waterway,2,Ac,False,False,False,"NRCS EQIP payment schedule, Pennsylvania EQIP-1, FY2026 (ps_results_equi_2026.csv)"
420,Wildlife Habitat Planting,10,Ac|SqFt,False,False,True,"NRCS EQIP payment schedule, Pennsylvania EQIP-1, FY2026 (ps_results_equi_2026.csv)"
422,Hedgerow Planting,4,Ft,False,False,False,"NRCS EQIP payment schedule, Pennsylvania EQIP-1, FY2026 (ps_results_equi_2026.csv)"
423,Hillside Ditch,2,CuYd|Ft,False,False,False,"NRCS EQIP payment schedule, Pennsylvania EQIP-1, FY2026 (ps_results_equi_2026.csv)"
428,Irrigation Ditch Lining,3,CuYd|No|SqYd,False,False,False,"NRCS EQIP payment schedule, Pennsylvania EQIP-1, FY2026 (ps_results_equi_2026.csv)"
430,Irrigation Pipeline,14,Lb|No,False,False,False,"NRCS EQIP payment schedule, Pennsylvania EQIP-1, FY2026 (ps_results_equi_2026.csv)"
436,Irrigation Reservoir,9,CuYd|Gal|No,False,False,False,"NRCS EQIP payment schedule, Pennsylvania EQIP-1, FY2026 (ps_results_equi_2026.csv)"
441,"Irrigation System, Microirrigation",10,Ft|No|SqFt,False,False,False,"NRCS EQIP payment schedule, Pennsylvania EQIP-1, FY2026 (ps_results_equi_2026.csv)"
442,Sprinkler System,19,Ac|Ea|Ft|Lnft,False,False,False,"NRCS EQIP payment schedule, Pennsylvania EQIP-1, FY2026 (ps_results_equi_2026.csv)"
443,"Irrigation System, Surface and Subsurface",9,Ea|Lb|SqFt,False,False,False,"NRCS EQIP payment schedule, Pennsylvania EQIP-1, FY2026 (ps_results_equi_2026.csv)"
447,Irrigation and Drainage Tailwater Recovery,2,CuYd|InFt,False,False,False,"NRCS EQIP payment schedule, Pennsylvania EQIP-1, FY2026 (ps_results_equi_2026.csv)"
449,Irrigation Water Management,10,Ac|Ea,False,False,False,"NRCS EQIP payment schedule, Pennsylvania EQIP-1, FY2026 (ps_results_equi_2026.csv)"
460,Land Clearing,1,Ac,False,False,False,"NRCS EQIP payment schedule, Pennsylvania EQIP-1, FY2026 (ps_results_equi_2026.csv)"
462,Precision Land Forming and Smoothing,5,Ac|CuYd|Ft,False,False,False,"NRCS EQIP payment schedule, Pennsylvania EQIP-1, FY2026 (ps_results_equi_2026.csv)"
464,Irrigation Land Leveling,2,CuYd|No,False,False,False,"NRCS EQIP payment schedule, Pennsylvania EQIP-1, FY2026 (ps_results_equi_2026.csv)"
468,Lined Waterway or Outlet,5,CuYd|No|SqFt,False,False,False,"NRCS EQIP payment schedule, Pennsylvania EQIP-1, FY2026 (ps_results_equi_2026.csv)"
472,Access Control,3,Ea|Ft,False,False,False,"NRCS EQIP payment schedule, Pennsylvania EQIP-1, FY2026 (ps_results_equi_2026.csv)"
484,Mulching,7,Ac|Ea|SqFt|kSqFt,False,False,False,"NRCS EQIP payment schedule, Pennsylvania EQIP-1, FY2026 (ps_results_equi_2026.csv)"
490,Tree/Shrub Site Preparation,20,Ac,False,False,False,"NRCS EQIP payment schedule, Pennsylvania EQIP-1, FY2026 (ps_results_equi_2026.csv)"
500,Obstruction Removal,10,Ac|CuYd|Ft|SqFt,False,False,False,"NRCS EQIP payment schedule, Pennsylvania EQIP-1, FY2026 (ps_results_equi_2026.csv)"
511,Forage Harvest Management,3,Ac,False,False,False,"NRCS EQIP payment schedule, Pennsylvania EQIP-1, FY2026 (ps_results_equi_2026.csv)"
512,Pasture and Hay Planting,6,Ac,False,False,False,"NRCS EQIP payment schedule, Pennsylvania EQIP-1, FY2026 (ps_results_equi_2026.csv)"
516,Livestock Pipeline,11,Lb|Lnft|No,False,False,False,"NRCS EQIP payment schedule, Pennsylvania EQIP-1, FY2026 (ps_results_equi_2026.csv)"
520,"Pond Sealing or Lining, Compacted Soil Treatment",5,CuYd,False,False,False,"NRCS EQIP payment schedule, Pennsylvania EQIP-1, FY2026 (ps_results_equi_2026.csv)"
521,"Pond Sealing or Lining, Geomembrane or Geosynthetic Clay Liner",2,SqYd,False,False,False,"NRCS EQIP payment schedule, Pennsylvania EQIP-1, FY2026 (ps_results_equi_2026.csv)"
522,Pond Sealing or Lining - Concrete,2,CuYd,False,False,False,"NRCS EQIP payment schedule, Pennsylvania EQIP-1, FY2026 (ps_results_equi_2026.csv)"
527,Sinkhole Treatment,6,Cu-Ft|Ea,False,False,False,"NRCS EQIP payment schedule, Pennsylvania EQIP-1, FY2026 (ps_results_equi_2026.csv)"
528,Grazing Management,9,Ac|No,False,False,False,"NRCS EQIP payment schedule, Pennsylvania EQIP-1, FY2026 (ps_results_equi_2026.csv)"
533,Pumping Plant,24,BHP|Ea|Ft|GPM|HP|kw,False,False,False,"NRCS EQIP payment schedule, Pennsylvania EQIP-1, FY2026 (ps_results_equi_2026.csv)"
548,Grazing Land Mechanical Treatment,1,Ac,False,False,False,"NRCS EQIP payment schedule, Pennsylvania EQIP-1, FY2026 (ps_results_equi_2026.csv)"
550,Range Planting,3,Ac,False,False,True,"NRCS EQIP payment schedule, Pennsylvania EQIP-1, FY2026 (ps_results_equi_2026.csv)"
554,Drainage Water Management,1,Ac,False,False,False,"NRCS EQIP payment schedule, Pennsylvania EQIP-1, FY2026 (ps_results_equi_2026.csv)"
555,Rock Wall Terrace,3,Ft,False,False,False,"NRCS EQIP payment schedule, Pennsylvania EQIP-1, FY2026 (ps_results_equi_2026.csv)"
557,Row Arrangement,1,Ac,False,False,False,"NRCS EQIP payment schedule, Pennsylvania EQIP-1, FY2026 (ps_results_equi_2026.csv)"
558,Roof Runoff Structure,13,Ea|Ft|Gal|Lnft|No,False,False,False,"NRCS EQIP payment schedule, Pennsylvania EQIP-1, FY2026 (ps_results_equi_2026.csv)"
560,Access Road,8,CuYd|No,False,False,False,"NRCS EQIP payment schedule, Pennsylvania EQIP-1, FY2026 (ps_results_equi_2026.csv)"
561,Heavy Use Area Protection,5,CuYd|No|SqFt,False,False,False,"NRCS EQIP payment schedule, Pennsylvania EQIP-1, FY2026 (ps_results_equi_2026.csv)"
570,Stormwater Runoff Control,3,Ac|Ea|SqFt,False,False,False,"NRCS EQIP payment schedule, Pennsylvania EQIP-1, FY2026 (ps_results_equi_2026.csv)"
572,Spoil Disposal,1,CuYd,False,False,False,"NRCS EQIP payment schedule, Pennsylvania EQIP-1, FY2026 (ps_results_equi_2026.csv)"
574,Spring Development,4,Ea,False,False,False,"NRCS EQIP payment schedule, Pennsylvania EQIP-1, FY2026 (ps_results_equi_2026.csv)"
575,Trails and Walkways,10,CuYd|No|SqFt,False,False,False,"NRCS EQIP payment schedule, Pennsylvania EQIP-1, FY2026 (ps_results_equi_2026.csv)"
576,Livestock Shelter Structure,2,Ft|SqFt,False,False,False,"NRCS EQIP payment schedule, Pennsylvania EQIP-1, FY2026 (ps_results_equi_2026.csv)"
578,Stream Crossing,4,DiaInFt|SqFt,False,False,False,"NRCS EQIP payment schedule, Pennsylvania EQIP-1, FY2026 (ps_results_equi_2026.csv)"
580,Streambank and Shoreline Protection,9,Ft,False,False,False,"NRCS EQIP payment schedule, Pennsylvania EQIP-1, FY2026 (ps_results_equi_2026.csv)"
582,Open Channel,3,CuYd|Lnft,False,False,False,"NRCS EQIP payment schedule, Pennsylvania EQIP-1, FY2026 (ps_results_equi_2026.csv)"
584,Channel Bed Stabilization,3,CuYd|Ea|SqFt,False,False,False,"NRCS EQIP payment schedule, Pennsylvania EQIP-1, FY2026 (ps_results_equi_2026.csv)"
585,Stripcropping,1,Ac,False,False,False,"NRCS EQIP payment schedule, Pennsylvania EQIP-1, FY2026 (ps_results_equi_2026.csv)"
587,Structure for Water Control,19,CuYd|DiaInFt|Ea|Ft|In|Lb|No|Ton,False,False,False,"NRCS EQIP payment schedule, Pennsylvania EQIP-1, FY2026 (ps_results_equi_2026.csv)"
590,Nutrient Management,5,Ac|Ea,False,False,False,"NRCS EQIP payment schedule, Pennsylvania EQIP-1, FY2026 (ps_results_equi_2026.csv)"
591,Amendments for Treatment of Agricultural Waste,3,Ton|kSqFt,False,False,False,"NRCS EQIP payment schedule, Pennsylvania EQIP-1, FY2026 (ps_results_equi_2026.csv)"
592,Feed Management,3,AU|Ea|No,False,False,False,"NRCS EQIP payment schedule, Pennsylvania EQIP-1, FY2026 (ps_results_equi_2026.csv)"
595,Pest Management Conservation System,12,Ac|Ea,False,False,False,"NRCS EQIP payment schedule, Pennsylvania EQIP-1, FY2026 (ps_results_equi_2026.csv)"
600,Terrace,4,Ft,False,False,False,"NRCS EQIP payment schedule, Pennsylvania EQIP-1, FY2026 (ps_results_equi_2026.csv)"
601,Vegetative Barrier,2,Ft,False,False,False,"NRCS EQIP payment schedule, Pennsylvania EQIP-1, FY2026 (ps_results_equi_2026.csv)"
603,Herbaceous Wind Barriers,2,Ft|Lnft,False,False,False,"NRCS EQIP payment schedule, Pennsylvania EQIP-1, FY2026 (ps_results_equi_2026.csv)"
604,Saturated Buffer,1,Ft,False,False,False,"NRCS EQIP payment schedule, Pennsylvania EQIP-1, FY2026 (ps_results_equi_2026.csv)"
605,Denitrifying Bioreactor,6,CuYd,False,False,False,"NRCS EQIP payment schedule, Pennsylvania EQIP-1, FY2026 (ps_results_equi_2026.csv)"
606,Subsurface Drain,5,Ft|Lb|No,False,False,False,"NRCS EQIP payment schedule, Pennsylvania EQIP-1, FY2026 (ps_results_equi_2026.csv)"
607,"Surface Drain, Field Ditch",1,CuYd,False,False,False,"NRCS EQIP payment schedule, Pennsylvania EQIP-1, FY2026 (ps_results_equi_2026.csv)"
608,"Surface Drain, Main or Lateral",1,CuYd,False,False,False,"NRCS EQIP payment schedule, Pennsylvania EQIP-1, FY2026 (ps_results_equi_2026.csv)"
610,Salinity and Sodic Soil Management,2,Ac,False,False,False,"NRCS EQIP payment schedule, Pennsylvania EQIP-1, FY2026 (ps_results_equi_2026.csv)"
612,Tree/Shrub Establishment,12,Ac|No,False,False,False,"NRCS EQIP payment schedule, Pennsylvania EQIP-1, FY2026 (ps_results_equi_2026.csv)"
614,Watering Facility,12,Gal|No|SqFt,False,False,False,"NRCS EQIP payment schedule, Pennsylvania EQIP-1, FY2026 (ps_results_equi_2026.csv)"
620,Underground Outlet,5,Lb|Lnft|No,False,False,False,"NRCS EQIP payment schedule, Pennsylvania EQIP-1, FY2026 (ps_results_equi_2026.csv)"
624,Phosphorous Removal System,4,CuYd|No,False,False,False,"NRCS EQIP payment schedule, Pennsylvania EQIP-1, FY2026 (ps_results_equi_2026.csv)"
629,Waste Treatment,8,AU|Ea|Gal/Day|HP|SqFt|kSqFt,False,False,False,"NRCS EQIP payment schedule, Pennsylvania EQIP-1, FY2026 (ps_results_equi_2026.csv)"
630,Vertical Drain,3,Cu-Ft|CuYd,False,False,False,"NRCS EQIP payment schedule, Pennsylvania EQIP-1, FY2026 (ps_results_equi_2026.csv)"
632,Waste Separation Facility,5,Cu-Ft|Ea|SqFt,False,False,False,"NRCS EQIP payment schedule, Pennsylvania EQIP-1, FY2026 (ps_results_equi_2026.csv)"
633,Waste Recycling,2,Ea|Ton,False,False,False,"NRCS EQIP payment schedule, Pennsylvania EQIP-1, FY2026 (ps_results_equi_2026.csv)"
634,Waste Transfer,13,CuYd|Ea|Gal|HP|Lb|No,False,False,False,"NRCS EQIP payment schedule, Pennsylvania EQIP-1, FY2026 (ps_results_equi_2026.csv)"
635,Vegetated Treatment Area,8,Ac|CuYd|No|SqFt,False,False,False,"NRCS EQIP payment schedule, Pennsylvania EQIP-1, FY2026 (ps_results_equi_2026.csv)"
636,Water Harvesting Catchment,4,Gal|No|SqYd,False,False,False,"NRCS EQIP payment schedule, Pennsylvania EQIP-1, FY2026 (ps_results_equi_2026.csv)"
638,Water and Sediment Control Basin,2,CuYd|No,False,False,False,"NRCS EQIP payment schedule, Pennsylvania EQIP-1, FY2026 (ps_results_equi_2026.csv)"
642,Water Well,10,Ea|Lnft|No,False,False,False,"NRCS EQIP payment schedule, Pennsylvania EQIP-1, FY2026 (ps_results_equi_2026.csv)"
643,Restoration of Rare or Declining Natural Communities,11,Ac|Ea|Lnft,False,False,False,"NRCS EQIP payment schedule, Pennsylvania EQIP-1, FY2026 (ps_results_equi_2026.csv)"
644,Wetland Wildlife Habitat Management,10,Ac,False,False,True,"NRCS EQIP payment schedule, Pennsylvania EQIP-1, FY2026 (ps_results_equi_2026.csv)"
645,Upland Wildlife Habitat Management,15,Ac|Lnft,False,False,True,"NRCS EQIP payment schedule, Pennsylvania EQIP-1, FY2026 (ps_results_equi_2026.csv)"
646,Seasonal Water Management for Wildlife,5,Ac,False,False,False,"NRCS EQIP payment schedule, Pennsylvania EQIP-1, FY2026 (ps_results_equi_2026.csv)"
647,Early Successional Habitat Development-Mgt,2,Ac,False,False,False,"NRCS EQIP payment schedule, Pennsylvania EQIP-1, FY2026 (ps_results_equi_2026.csv)"
649,Structures for Wildlife,18,Ea|Ft|Lnft,False,False,False,"NRCS EQIP payment schedule, Pennsylvania EQIP-1, FY2026 (ps_results_equi_2026.csv)"
654,Road/Trail/Landing Closure and Treatment,4,Ft,False,False,False,"NRCS EQIP payment schedule, Pennsylvania EQIP-1, FY2026 (ps_results_equi_2026.csv)"
655,Forest Trails and Landings,7,Ea|Ft|SqFt,False,False,False,"NRCS EQIP payment schedule, Pennsylvania EQIP-1, FY2026 (ps_results_equi_2026.csv)"
656,Constructed Wetland,2,Ac|No,False,False,False,"NRCS EQIP payment schedule, Pennsylvania EQIP-1, FY2026 (ps_results_equi_2026.csv)"
657,Wetland Restoration,10,CuYd,False,False,False,"NRCS EQIP payment schedule, Pennsylvania EQIP-1, FY2026 (ps_results_equi_2026.csv)"
658,Wetland Creation,2,CuYd,False,False,False,"NRCS EQIP payment schedule, Pennsylvania EQIP-1, FY2026 (ps_results_equi_2026.csv)"
659,Wetland Enhancement,5,CuYd,False,False,False,"NRCS EQIP payment schedule, Pennsylvania EQIP-1, FY2026 (ps_results_equi_2026.csv)"
660,Tree-Shrub Pruning,7,Ac|Ea,False,False,False,"NRCS EQIP payment schedule, Pennsylvania EQIP-1, FY2026 (ps_results_equi_2026.csv)"
666,Forest Stand Improvement,10,Ac,False,False,False,"NRCS EQIP payment schedule, Pennsylvania EQIP-1, FY2026 (ps_results_equi_2026.csv)"
670,Energy Efficient Lighting System,16,Ea|SqFt,False,False,False,"NRCS EQIP payment schedule, Pennsylvania EQIP-1, FY2026 (ps_results_equi_2026.csv)"
672,Energy Efficient Building Envelope,18,Ea|Ft|SqFt,False,False,False,"NRCS EQIP payment schedule, Pennsylvania EQIP-1, FY2026 (ps_results_equi_2026.csv)"
724,Water Treatment Facility,3,Ea|Gal/Hr,False,False,False,"NRCS EQIP payment schedule, Pennsylvania EQIP-1, FY2026 (ps_results_equi_2026.csv)"
805,Amending Soil Properties with Lime,3,Ac|kSqFt,False,False,False,"NRCS EQIP payment schedule, Pennsylvania EQIP-1, FY2026 (ps_results_equi_2026.csv)"
809,Conservation Harvest Management,2,Ac,False,False,False,"NRCS EQIP payment schedule, Pennsylvania EQIP-1, FY2026 (ps_results_equi_2026.csv)"
810,Annual Forages for Grazing Systems,2,Ac,False,False,False,"NRCS EQIP payment schedule, Pennsylvania EQIP-1, FY2026 (ps_results_equi_2026.csv)"
812,Raised Beds,4,No|SqFt,False,False,False,"NRCS EQIP payment schedule, Pennsylvania EQIP-1, FY2026 (ps_results_equi_2026.csv)"
815,Groundwater Recharge Basin or Trench,3,AcFt|CuYd,False,False,False,"NRCS EQIP payment schedule, Pennsylvania EQIP-1, FY2026 (ps_results_equi_2026.csv)"
817,On-Farm Recharge,2,Ac|No,False,False,False,"NRCS EQIP payment schedule, Pennsylvania EQIP-1, FY2026 (ps_results_equi_2026.csv)"
818,Water Conservation System,2,SqFt,False,False,False,"NRCS EQIP payment schedule, Pennsylvania EQIP-1, FY2026 (ps_results_equi_2026.csv)"
821,Low Tunnel Systems,2,Lnft|No,False,False,False,"NRCS EQIP payment schedule, Pennsylvania EQIP-1, FY2026 (ps_results_equi_2026.csv)"
822,Nonruminant Livestock Outdoor Management of Vegetative Cover,1,Ac,False,False,False,"NRCS EQIP payment schedule, Pennsylvania EQIP-1, FY2026 (ps_results_equi_2026.csv)"
823,Organic Management,6,Ac|No,False,False,True,"NRCS EQIP payment schedule, Pennsylvania EQIP-1, FY2026 (ps_results_equi_2026.csv)"
825,Culturally Significant Plantings for Soil Health,6,Ac|SqFt,False,False,False,"NRCS EQIP payment schedule, Pennsylvania EQIP-1, FY2026 (ps_results_equi_2026.csv)"
827,Strategic Harvested Forage Management,1,Ac,False,False,False,"NRCS EQIP payment schedule, Pennsylvania EQIP-1, FY2026 (ps_results_equi_2026.csv)"
828,Wildlife Habitat Site Preparation,3,Ac,False,False,False,"NRCS EQIP payment schedule, Pennsylvania EQIP-1, FY2026 (ps_results_equi_2026.csv)"
830,Animal Mortality Management,2,Ea,False,False,False,"NRCS EQIP payment schedule, Pennsylvania EQIP-1, FY2026 (ps_results_equi_2026.csv)"
910,TA Planning,94,Ac|BHP|CFS|Cu-Ft|CuYd|DiaInFt|Ft|Gal|HP|InFt|Kw|Lb|LnFt|No|SqFt|Ton,False,False,False,"NRCS EQIP payment schedule, Pennsylvania EQIP-1, FY2026 (ps_results_equi_2026.csv)"
911,TA Design,152,Ac|BHP|CFS|Cu-Ft|CuYd|DiaInFt|Ft|Gal|HP|InFt|Kw|Lb|LnFt|No|SqFt|SqYd|Ton|kSqFt,False,False,False,"NRCS EQIP payment schedule, Pennsylvania EQIP-1, FY2026 (ps_results_equi_2026.csv)"
912,TA Application,149,Ac|BHP|CFS|Cu-Ft|CuYd|DiaInFt|Ft|Gal|HP|InFt|Kw|Lb|LnFt|No|SqFt|SqYd|Ton|kSqFt,False,False,False,"NRCS EQIP payment schedule, Pennsylvania EQIP-1, FY2026 (ps_results_equi_2026.csv)"
913,TA Check-Out,151,Ac|BHP|CFS|Cu-Ft|CuYd|DiaInFt|Ft|Gal|HP|InFt|Kw|Lb|LnFt|No|SqFt|SqYd|Ton|kSqFt,False,False,False,"NRCS EQIP payment schedule, Pennsylvania EQIP-1, FY2026 (ps_results_equi_2026.csv)"
